ID,site.ID,region,region.ID,subregion (NA),subregion.ID (NA),year,season.phase,season.phase.ID,type,type.ID,sex,sex.ID,INF.status,Affiliation,State,City,Zipcode,Date Collected,Date Sampled,Date Processed,Method,Notes,UGA MyID,TAG #,OE score,,,,,,,,,,,,,,,,,,,
20083,122,coastal overwintering,4,southeast,3,1,Feb,7,A,2,M,2,0,Dara Satterfield,SC,"Folly Beach, SC",32346,2/22/2012,2/22/2012,2012,tape,,,PER 096,1,,,,,,,,,,,,,,,,,,,
20084,122,coastal overwintering,4,southeast,3,1,Feb,7,A,2,F,1,0,Dara Satterfield,SC,"Folly Beach, SC",32346,2/22/2012,2/22/2012,2012,tape,,,PER 097,1,,,,,,,,,,,,,,,,,,,
20085,122,coastal overwintering,4,southeast,3,1,Feb,7,A,2,M,2,0,Dara Satterfield,SC,"Folly Beach, SC",32346,2/22/2012,2/22/2012,2012,tape,,,PER 098,1,,,,,,,,,,,,,,,,,,,
20086,122,coastal overwintering,4,southeast,3,1,Feb,7,A,2,M,2,0,Dara Satterfield,SC,"Folly Beach, SC",32346,2/22/2012,2/22/2012,2012,tape,,,PER 099,2,,,,,,,,,,,,,,,,,,,
20087,122,coastal overwintering,4,southeast,3,1,Feb,7,A,2,F,1,0,Dara Satterfield,SC,"Folly Beach, SC",32346,2/22/2012,2/22/2012,2012,tape,,,PER 100,0,,,,,,,,,,,,,,,,,,,
20089,122,coastal overwintering,4,southeast,3,1,Feb,7,A,2,F,1,0,Dara Satterfield,SC,"Folly Beach, SC",32346,2/22/2012,2/22/2012,2012,tape,,,PER 102,2,,,,,,,,,,,,,,,,,,,
20090,122,coastal overwintering,4,southeast,3,1,Feb,7,A,2,F,1,0,Dara Satterfield,SC,"Folly Beach, SC",32346,2/22/2012,2/22/2012,2012,tape,,,PER 103,1,,,,,,,,,,,,,,,,,,,
20091,122,coastal overwintering,4,southeast,3,1,Feb,7,A,2,M,2,0,Dara Satterfield,SC,"Folly Beach, SC",32346,2/22/2012,2/22/2012,2012,tape,,,PCN 722,1,,,,,,,,,,,,,,,,,,,
20092,122,coastal overwintering,4,southeast,3,1,Feb,7,A,2,M,2,0,Dara Satterfield,SC,"Folly Beach, SC",32346,2/22/2012,2/22/2012,2012,tape,,,PER 104,2,,,,,,,,,,,,,,,,,,,
20093,122,coastal overwintering,4,southeast,3,1,Feb,7,A,2,M,2,0,Dara Satterfield,SC,"Folly Beach, SC",32346,2/22/2012,2/22/2012,2012,tape,,,PER 105,1,,,,,,,,,,,,,,,,,,,
20094,122,coastal overwintering,4,southeast,3,1,Feb,7,A,2,M,2,0,Dara Satterfield,SC,"Folly Beach, SC",32346,2/22/2012,2/22/2012,2012,tape,,,PER 106,1,,,,,,,,,,,,,,,,,,,
20095,122,coastal overwintering,4,southeast,3,1,Feb,7,A,2,M,2,0,Dara Satterfield,SC,"Folly Beach, SC",32346,2/22/2012,2/22/2012,2012,tape,,,PER 107,0,,,,,,,,,,,,,,,,,,,
20096,122,coastal overwintering,4,southeast,3,1,Feb,7,A,2,F,1,0,Dara Satterfield,SC,"Folly Beach, SC",32346,2/22/2012,2/22/2012,2012,tape,,,PER 108,1,,,,,,,,,,,,,,,,,,,
20097,122,coastal overwintering,4,southeast,3,1,Feb,7,A,2,F,1,0,Dara Satterfield,SC,"Folly Beach, SC",32346,2/22/2012,2/22/2012,2012,tape,,,PER 109,1,,,,,,,,,,,,,,,,,,,
20098,122,coastal overwintering,4,southeast,3,1,Feb,7,A,2,M,2,0,Dara Satterfield,SC,"Folly Beach, SC",32346,2/22/2012,2/22/2012,2012,tape,,,PER 110,0,,,,,,,,,,,,,,,,,,,
20099,122,coastal overwintering,4,southeast,3,1,Feb,7,A,2,M,2,0,Dara Satterfield,SC,"Folly Beach, SC",32346,2/22/2012,2/22/2012,2012,tape,,,PER 111,1,,,,,,,,,,,,,,,,,,,
20100,122,coastal overwintering,4,southeast,3,1,Feb,7,A,2,M,2,0,Dara Satterfield,SC,"Folly Beach, SC",32346,2/22/2012,2/22/2012,2012,tape,,,PER 112,1,,,,,,,,,,,,,,,,,,,
20101,122,coastal overwintering,4,southeast,3,1,Feb,7,A,2,F,1,0,Dara Satterfield,SC,"Folly Beach, SC",32346,2/22/2012,2/22/2012,2012,tape,,,PER 113,0,,,,,,,,,,,,,,,,,,,
20102,122,coastal overwintering,4,southeast,3,1,Feb,7,A,2,M,2,0,Dara Satterfield,SC,"Folly Beach, SC",32346,2/22/2012,2/22/2012,2012,tape,,,PER 114,2,,,,,,,,,,,,,,,,,,,
20103,122,coastal overwintering,4,southeast,3,1,Feb,7,A,2,M,2,0,Dara Satterfield,SC,"Folly Beach, SC",32346,2/22/2012,2/22/2012,2012,tape,,,PEP 604,1,,,,,,,,,,,,,,,,,,,
20104,122,coastal overwintering,4,southeast,3,1,Feb,7,A,2,F,1,0,Dara Satterfield,SC,"Folly Beach, SC",32346,2/22/2012,2/22/2012,2012,tape,,,PJS 242,1,,,,,,,,,,,,,,,,,,,
20105,122,coastal overwintering,4,southeast,3,1,Feb,7,A,2,M,2,0,Dara Satterfield,SC,"Folly Beach, SC",32346,2/22/2012,2/22/2012,2012,tape,,,PER 115,2,,,,,,,,,,,,,,,,,,,
20106,122,coastal overwintering,4,southeast,3,1,Feb,7,A,2,M,2,0,Dara Satterfield,SC,"Folly Beach, SC",32346,2/22/2012,2/22/2012,2012,tape,,,PER 116,1,,,,,,,,,,,,,,,,,,,
20107,122,coastal overwintering,4,southeast,3,1,Feb,7,A,2,F,1,0,Dara Satterfield,SC,"Folly Beach, SC",32346,2/22/2012,2/22/2012,2012,tape,,,PER 117,1,,,,,,,,,,,,,,,,,,,
20108,122,coastal overwintering,4,southeast,3,1,Feb,7,A,2,M,2,0,Dara Satterfield,SC,"Folly Beach, SC",32346,2/22/2012,2/22/2012,2012,tape,,,PER 118,2,,,,,,,,,,,,,,,,,,,
20109,122,coastal overwintering,4,southeast,3,1,Feb,7,A,2,M,2,0,Dara Satterfield,SC,"Folly Beach, SC",32346,2/22/2012,2/22/2012,2012,tape,,,PER 119,1,,,,,,,,,,,,,,,,,,,
20110,122,coastal overwintering,4,southeast,3,1,Feb,7,A,2,F,1,0,Dara Satterfield,SC,"Folly Beach, SC",32346,2/22/2012,2/22/2012,2012,tape,,,PER 120,2,,,,,,,,,,,,,,,,,,,
20111,122,coastal overwintering,4,southeast,3,1,Feb,7,A,2,M,2,0,Dara Satterfield,SC,"Folly Beach, SC",32346,2/22/2012,2/22/2012,2012,tape,,,PER 121,2,,,,,,,,,,,,,,,,,,,
20112,122,coastal overwintering,4,southeast,3,1,Feb,7,A,2,M,2,0,Dara Satterfield,SC,"Folly Beach, SC",32346,2/22/2012,2/22/2012,2012,tape,,,PER 122,1,,,,,,,,,,,,,,,,,,,
20113,122,coastal overwintering,4,southeast,3,1,Feb,7,A,2,M,2,0,Dara Satterfield,SC,"Folly Beach, SC",32346,2/22/2012,2/22/2012,2012,tape,,,PER 123,1,,,,,,,,,,,,,,,,,,,
20115,122,coastal overwintering,4,southeast,3,1,Feb,7,A,2,F,1,0,Dara Satterfield,SC,"Folly Beach, SC",32346,2/22/2012,2/22/2012,2012,tape,,,PER 125,1,,,,,,,,,,,,,,,,,,,
20116,122,coastal overwintering,4,southeast,3,1,Feb,7,A,2,M,2,0,Dara Satterfield,SC,"Folly Beach, SC",32346,2/22/2012,2/22/2012,2012,tape,,,PER 126,1,,,,,,,,,,,,,,,,,,,
13,122,coastal overwintering,4,southeast,3,1,Feb,7,A,2,M,2,0,,SC,"Folly Beach, SC",32346,2/24/2012,2/24/2012,2012,tape,Tagged Middle Folly Beach 1/08/2012; 2nd capture,,PCN 726,0,,,,,,,,,,,,,,,,,,,
14,122,coastal overwintering,4,southeast,3,1,Feb,7,A,2,M,2,0,,SC,"Folly Beach, SC",32346,2/24/2012,2/24/2012,2012,tape,Tagged Middle Folly Beach 1/08/2012; 3rd capture,,PCN 728,0,,,,,,,,,,,,,,,,,,,
33,122,coastal overwintering,4,southeast,3,1,Feb,7,A,2,M,2,0,,SC,"Folly Beach, SC",32346,2/24/2012,2/24/2012,2012,tape,Tagged SW Folly Beach 2/24/2012; first capture,,PER 135,0,,,,,,,,,,,,,,,,,,,
34,122,coastal overwintering,4,southeast,3,1,Feb,7,A,2,M,2,0,,SC,"Folly Beach, SC",32346,2/24/2012,2/24/2012,2012,tape,Tagged SW Folly Beach 2/24/2012; first capture,,PER 136,0,,,,,,,,,,,,,,,,,,,
35,122,coastal overwintering,4,southeast,3,1,Feb,7,A,2,M,2,0,,SC,"Folly Beach, SC",32346,2/24/2012,2/24/2012,2012,tape,Tagged SW Folly Beach 2/24/2012; first capture,,PER 140,0,,,,,,,,,,,,,,,,,,,
36,122,coastal overwintering,4,southeast,3,1,Feb,7,A,2,M,2,0,,SC,"Folly Beach, SC",32346,2/24/2012,2/24/2012,2012,tape,Tagged SW Folly Beach 2/24/2012; first capture,,PER 142,0,,,,,,,,,,,,,,,,,,,
78,122,coastal overwintering,4,southeast,3,1,Feb,7,A,2,M,2,0,,SC,"Folly Beach, SC",32346,2/24/2012,2/24/2012,2012,tape,Tagged SW Folly Beach 2/24/2012; first capture,,PER 134,1,,,,,,,,,,,,,,,,,,,
79,122,coastal overwintering,4,southeast,3,1,Feb,7,A,2,M,2,0,,SC,"Folly Beach, SC",32346,2/24/2012,2/24/2012,2012,tape,Tagged SW Folly Beach 2/24/2012; first capture,,PER 137,1,,,,,,,,,,,,,,,,,,,
80,122,coastal overwintering,4,southeast,3,1,Feb,7,A,2,M,2,0,,SC,"Folly Beach, SC",32346,2/24/2012,2/24/2012,2012,tape,Tagged SW Folly Beach 2/24/2012; first capture,,PER 138,1,,,,,,,,,,,,,,,,,,,
81,122,coastal overwintering,4,southeast,3,1,Feb,7,A,2,M,2,0,,SC,"Folly Beach, SC",32346,2/24/2012,2/24/2012,2012,tape,Tagged SW Folly Beach 2/24/2012; first capture,,PER 139,1,,,,,,,,,,,,,,,,,,,
20082,122,coastal overwintering,4,southeast,3,1,Feb,7,A,2,F,1,1,Dara Satterfield,SC,"Folly Beach, SC",32346,2/22/2012,2/22/2012,2012,tape,,,PER 095,3,,,,,,,,,,,,,,,,,,,
20088,122,coastal overwintering,4,southeast,3,1,Feb,7,A,2,M,2,1,Dara Satterfield,SC,"Folly Beach, SC",32346,2/22/2012,2/22/2012,2012,tape,,,PER 101,3,,,,,,,,,,,,,,,,,,,
20114,122,coastal overwintering,4,southeast,3,1,Feb,7,A,2,M,2,1,Dara Satterfield,SC,"Folly Beach, SC",32346,2/22/2012,2/22/2012,2012,tape,,,PER 124,3,,,,,,,,,,,,,,,,,,,
91,122,coastal overwintering,4,southeast,3,1,Feb,7,A,2,F,1,1,,SC,"Folly Beach, SC",32346,2/24/2012,2/24/2012,2012,tape,Tagged SW Folly Beach 2/24/2012; first capture,,PER 141,3,,,,,,,,,,,,,,,,,,,
1,123,coastal overwintering,4,southeast,3,1,Feb,7,A,2,M,2,0,,SC,"Mount Pleasant, SC",32346,2/15/2012,2/15/2012,2012,tape,Tagged Patriot's Point 12/25/2011; 5th capture,,NPH 425,0,,,,,,,,,,,,,,,,,,,
5,123,coastal overwintering,4,southeast,3,1,Feb,7,A,2,M,2,0,,SC,"Mount Pleasant, SC",32346,2/15/2012,2/15/2012,2012,tape,Tagged Patriot's Point 12/25/2011; 6th capture; recaptured again 2/20 (#51 in Dara's book),,NPH 471,0,,,,,,,,,,,,,,,,,,,
6,123,coastal overwintering,4,southeast,3,1,Feb,7,A,2,M,2,0,,SC,"Mount Pleasant, SC",32346,2/15/2012,2/15/2012,2012,tape,Tagged Patriot's Point 12/31/2011; 2nd capture,,PBL 513,0,,,,,,,,,,,,,,,,,,,
7,123,coastal overwintering,4,southeast,3,1,Feb,7,A,2,M,2,0,,SC,"Mount Pleasant, SC",32346,2/15/2012,2/15/2012,2012,tape,Tagged Patriot's Point 12/31/2011; 5th capture,,PBL 529,0,,,,,,,,,,,,,,,,,,,
8,123,coastal overwintering,4,southeast,3,1,Feb,7,A,2,M,2,0,,SC,"Mount Pleasant, SC",32346,2/15/2012,2/15/2012,2012,tape,Tagged Patriot's Point 12/31/2011; 5th capture; recaptured again 2/20 (#52 in Dara's book); OE score was 0 the first time and 2 the second time on 2/20,,PBL 540,0,,,,,,,,,,,,,,,,,,,
9,123,coastal overwintering,4,southeast,3,1,Feb,7,A,2,M,2,0,,SC,"Mount Pleasant, SC",32346,2/15/2012,2/15/2012,2012,tape,Tagged Patriot's Point 1/02/2012; 3rd capture,,PBL 580,0,,,,,,,,,,,,,,,,,,,
11,123,coastal overwintering,4,southeast,3,1,Feb,7,A,2,M,2,0,,SC,"Mount Pleasant, SC",32346,2/15/2012,2/15/2012,2012,tape,Tagged Patriot's Point 1/02/2012; 5th capture,,PBL 598,0,,,,,,,,,,,,,,,,,,,
12,123,coastal overwintering,4,southeast,3,1,Feb,7,A,2,M,2,0,,SC,"Mount Pleasant, SC",32346,2/15/2012,2/15/2012,2012,tape,Tagged Patriot's Point 1/02/2012; 8th capture,,PBL 622,0,,,,,,,,,,,,,,,,,,,
17,123,coastal overwintering,4,southeast,3,1,Feb,7,A,2,M,2,0,,SC,"Mount Pleasant, SC",32346,2/15/2012,2/15/2012,2012,tape,Tagged Patriot's Point 1/25/2012; 6th capture,,PCN 860,0,,,,,,,,,,,,,,,,,,,
18,123,coastal overwintering,4,southeast,3,1,Feb,7,A,2,M,2,0,,SC,"Mount Pleasant, SC",32346,2/15/2012,2/15/2012,2012,tape,Tagged Patriot's Point 1/28/2012; 3rd capture; recaptured again on 2/20 (#55 in Dara's book),,PCN 881,0,,,,,,,,,,,,,,,,,,,
19,123,coastal overwintering,4,southeast,3,1,Feb,7,A,2,M,2,0,,SC,"Mount Pleasant, SC",32346,2/15/2012,2/15/2012,2012,tape,Tagged Patriot's Point 2/02/2012; 2nd capture,,PCN 912,0,,,,,,,,,,,,,,,,,,,
21,123,coastal overwintering,4,southeast,3,1,Feb,7,A,2,F,1,0,,SC,"Mount Pleasant, SC",32346,2/15/2012,2/15/2012,2012,tape,Ex-larva James Is. emerged indoors 2/06/12; Tagged Patriot's Point 2/08/2012; 1st recovery,,PCN 961,0,,,,,,,,,,,,,,,,,,,
22,123,coastal overwintering,4,southeast,3,1,Feb,7,A,2,M,2,0,,SC,"Mount Pleasant, SC",32346,2/15/2012,2/15/2012,2012,tape,Tagged Patriot's Point 2/08/2012; 2nd capture; recaptured again on 2/20 (#65 in Dara's book); OE score was 0 the first time and 1 the second time (2/20),,PCN 968,0,,,,,,,,,,,,,,,,,,,
25,123,coastal overwintering,4,southeast,3,1,Feb,7,A,2,M,2,0,,SC,"Mount Pleasant, SC",32346,2/15/2012,2/15/2012,2012,tape,Tagged Patriot's Point 2/15/2012; first capture,,PCN 991,0,,,,,,,,,,,,,,,,,,,
26,123,coastal overwintering,4,southeast,3,1,Feb,7,A,2,M,2,0,,SC,"Mount Pleasant, SC",32346,2/15/2012,2/15/2012,2012,tape,Tagged Patriot's Point 2/15/2012; first capture,,PCN 993,0,,,,,,,,,,,,,,,,,,,
27,123,coastal overwintering,4,southeast,3,1,Feb,7,A,2,F,1,0,,SC,"Mount Pleasant, SC",32346,2/15/2012,2/15/2012,2012,tape,Tagged Patriot's Point 2/15/2012; first capture,,PCN 994,0,,,,,,,,,,,,,,,,,,,
28,123,coastal overwintering,4,southeast,3,1,Feb,7,A,2,F,1,0,,SC,"Mount Pleasant, SC",32346,2/15/2012,2/15/2012,2012,tape,Tagged Patriot's Point 2/15/2012; first capture,,PCN 995,0,,,,,,,,,,,,,,,,,,,
55,123,coastal overwintering,4,southeast,3,1,Feb,7,A,2,M,2,0,,SC,"Mount Pleasant, SC",32346,2/15/2012,2/15/2012,2012,tape,Tagged Patriot's Point 12/25/2011; 5th capture,,PNC 749,0,,,,,,,,,,,,,,,,,,,
57,123,coastal overwintering,4,southeast,3,1,Feb,7,A,2,M,2,0,,SC,"Mount Pleasant, SC",32346,2/15/2012,2/15/2012,2012,tape,Tagged Patriot's Point 12/30/2011; 5th capture,,NJM 238,1,,,,,,,,,,,,,,,,,,,
58,123,coastal overwintering,4,southeast,3,1,Feb,7,A,2,M,2,0,,SC,"Mount Pleasant, SC",32346,2/15/2012,2/15/2012,2012,tape,Tagged Patriot's Point 12/25/2011; 11th capture,,NPH 465,1,,,,,,,,,,,,,,,,,,,
59,123,coastal overwintering,4,southeast,3,1,Feb,7,A,2,M,2,0,,SC,"Mount Pleasant, SC",32346,2/15/2012,2/15/2012,2012,tape,Tagged Patriot's Point 12/28/2011; 5th capture,,NPH 521,1,,,,,,,,,,,,,,,,,,,
60,123,coastal overwintering,4,southeast,3,1,Feb,7,A,2,M,2,0,,SC,"Mount Pleasant, SC",32346,2/15/2012,2/15/2012,2012,tape,Tagged Patriot's Point 12/31/2011; 8th capture,,PBL 518,1,,,,,,,,,,,,,,,,,,,
61,123,coastal overwintering,4,southeast,3,1,Feb,7,A,2,M,2,0,,SC,"Mount Pleasant, SC",32346,2/15/2012,2/15/2012,2012,tape,Tagged Patriot's Point 1/02/2012; 4th capture,,PBL 612,1,,,,,,,,,,,,,,,,,,,
62,123,coastal overwintering,4,southeast,3,1,Feb,7,A,2,M,2,0,,SC,"Mount Pleasant, SC",32346,2/15/2012,2/15/2012,2012,tape,Tagged Patriot's Point 1/06/2012; 8th capture,,PBL 627,1,,,,,,,,,,,,,,,,,,,
63,123,coastal overwintering,4,southeast,3,1,Feb,7,A,2,M,2,0,,SC,"Mount Pleasant, SC",32346,2/15/2012,2/15/2012,2012,tape,Tagged Patriot's Point 1/09/2012; 7th capture,,PCN 754,1,,,,,,,,,,,,,,,,,,,
64,123,coastal overwintering,4,southeast,3,1,Feb,7,A,2,M,2,0,,SC,"Mount Pleasant, SC",32346,2/15/2012,2/15/2012,2012,tape,Tagged Patriot's Point 1/12/2012; 6th capture,,PCN 790,1,,,,,,,,,,,,,,,,,,,
66,123,coastal overwintering,4,southeast,3,1,Feb,7,A,2,M,2,0,,SC,"Mount Pleasant, SC",32346,2/15/2012,2/15/2012,2012,tape,Tagged Patriot's Point 1/20/2012; 6th capture,,PCN 809,1,,,,,,,,,,,,,,,,,,,
67,123,coastal overwintering,4,southeast,3,1,Feb,7,A,2,M,2,0,,SC,"Mount Pleasant, SC",32346,2/15/2012,2/15/2012,2012,tape,Tagged Patriot's Point 1/20/2012; 4th capture,,PCN 822,1,,,,,,,,,,,,,,,,,,,
69,123,coastal overwintering,4,southeast,3,1,Feb,7,A,2,M,2,0,,SC,"Mount Pleasant, SC",32346,2/15/2012,2/15/2012,2012,tape,Tagged Patriot's Point 1/30/2012; 3rd capture,,PCN 906,1,,,,,,,,,,,,,,,,,,,
71,123,coastal overwintering,4,southeast,3,1,Feb,7,A,2,F,1,0,,SC,"Mount Pleasant, SC",32346,2/15/2012,2/15/2012,2012,tape,Ex-larva James Is. emerged indoors 2/05/12; Tagged Patriot's Point 2/08/2012; 2nd recovery; recaptured again on 2/20 (#60 in Dara's book); OE  score was 1 the first time and 2 the second time,,PCN 958,1,,,,,,,,,,,,,,,,,,,
72,123,coastal overwintering,4,southeast,3,1,Feb,7,A,2,F,1,0,,SC,"Mount Pleasant, SC",32346,2/15/2012,2/15/2012,2012,tape,Ex-larva James Is. emerged indoors 2/06/12; Tagged Patriot's Point 2/08/2012; 2nd recovery,,PCN 962,1,,,,,,,,,,,,,,,,,,,
73,123,coastal overwintering,4,southeast,3,1,Feb,7,A,2,M,2,0,,SC,"Mount Pleasant, SC",32346,2/15/2012,2/15/2012,2012,tape,Tagged Patriot's Point 2/08/2012; 2nd capture,,PCN 973,1,,,,,,,,,,,,,,,,,,,
75,123,coastal overwintering,4,southeast,3,1,Feb,7,A,2,M,2,0,,SC,"Mount Pleasant, SC",32346,2/15/2012,2/15/2012,2012,tape,Tagged Patriot's Point 2/15/2012; first capture; recaptured again on 2/21 (#71 in Dara's book); OE score was same both times,,PCN 992,1,,,,,,,,,,,,,,,,,,,
86,123,coastal overwintering,4,southeast,3,1,Feb,7,A,2,M,2,0,,SC,"Mount Pleasant, SC",32346,2/15/2012,2/15/2012,2012,tape,Tagged Patriot's Point 12/25/2011; 4th capture,,PNC 767,1,,,,,,,,,,,,,,,,,,,
87,123,coastal overwintering,4,southeast,3,1,Feb,7,A,2,M,2,0,,SC,"Mount Pleasant, SC",32346,2/15/2012,2/15/2012,2012,tape,Tagged Patriot's Point 1/20/2012; 4th capture,,PCN 827,2,,,,,,,,,,,,,,,,,,,
2,123,coastal overwintering,4,southeast,3,1,Feb,7,A,2,M,2,0,,SC,"Mount Pleasant, SC",32346,2/18/2012,2/18/2012,2012,tape,Tagged Patriot's Point 12/25/2011; 3rd capture,,NPH 442,0,,,,,,,,,,,,,,,,,,,
10,123,coastal overwintering,4,southeast,3,1,Feb,7,A,2,M,2,0,,SC,"Mount Pleasant, SC",32346,2/18/2012,2/18/2012,2012,tape,Tagged Patriot's Point 1/02/2012; 3rd capture,,PBL 582,0,,,,,,,,,,,,,,,,,,,
15,123,coastal overwintering,4,southeast,3,1,Feb,7,A,2,M,2,0,,SC,"Mount Pleasant, SC",32346,2/18/2012,2/18/2012,2012,tape,Tagged Patriot's Point 1/08/2012; 3rd capture,,PCN 737,0,,,,,,,,,,,,,,,,,,,
16,123,coastal overwintering,4,southeast,3,1,Feb,7,A,2,F,1,0,,SC,"Mount Pleasant, SC",32346,2/18/2012,2/18/2012,2012,tape,Tagged Patriot's Point 1/20/2012; 2nd capture,,PCN 825,0,,,,,,,,,,,,,,,,,,,
20,123,coastal overwintering,4,southeast,3,1,Feb,7,A,2,M,2,0,,SC,"Mount Pleasant, SC",32346,2/18/2012,2/18/2012,2012,tape,Tagged Patriot's Point 2/03/2012; 2nd capture,,PCN 932,0,,,,,,,,,,,,,,,,,,,
23,123,coastal overwintering,4,southeast,3,1,Feb,7,A,2,F,1,0,,SC,"Mount Pleasant, SC",32346,2/18/2012,2/18/2012,2012,tape,Tagged Patriot's Point 2/08/2012; 2nd capture,,PCN 974,0,,,,,,,,,,,,,,,,,,,
24,123,coastal overwintering,4,southeast,3,1,Feb,7,A,2,M,2,0,,SC,"Mount Pleasant, SC",32346,2/18/2012,2/18/2012,2012,tape,Tagged Patriot's Point 2/08/2012; 2nd capture; recaptured again on 2/20 (#68 in Dara's book); OE score was 0 the first time and 1 the second time (2/20),,PCN 976,0,,,,,,,,,,,,,,,,,,,
29,123,coastal overwintering,4,southeast,3,1,Feb,7,A,2,M,2,0,,SC,"Mount Pleasant, SC",32346,2/18/2012,2/18/2012,2012,tape,Tagged Patriot's Point 2/18/2012; first capture,,PER 078,0,,,,,,,,,,,,,,,,,,,
30,123,coastal overwintering,4,southeast,3,1,Feb,7,A,2,M,2,0,,SC,"Mount Pleasant, SC",32346,2/18/2012,2/18/2012,2012,tape,Tagged Patriot's Point 2/18/2012; first capture,,PER 079,0,,,,,,,,,,,,,,,,,,,
31,123,coastal overwintering,4,southeast,3,1,Feb,7,A,2,M,2,0,,SC,"Mount Pleasant, SC",32346,2/18/2012,2/18/2012,2012,tape,Tagged Patriot's Point 2/18/2012; first capture,,PER 080,0,,,,,,,,,,,,,,,,,,,
32,123,coastal overwintering,4,southeast,3,1,Feb,7,A,2,M,2,0,,SC,"Mount Pleasant, SC",32346,2/18/2012,2/18/2012,2012,tape,Tagged Patriot's Point 2/18/2012; first capture,,PER 081,0,,,,,,,,,,,,,,,,,,,
54,123,coastal overwintering,4,southeast,3,1,Feb,7,A,2,M,2,0,,SC,"Mount Pleasant, SC",32346,2/18/2012,2/18/2012,2012,tape,Tagged Patriot's Point 12/25/2011; 5th capture,,PNC 738,0,,,,,,,,,,,,,,,,,,,
56,123,coastal overwintering,4,southeast,3,1,Feb,7,A,2,M,2,0,,SC,"Mount Pleasant, SC",32346,2/18/2012,2/18/2012,2012,tape,Tagged Patriot's Point 12/25/2011; 3rd capture,,PNC 750,0,,,,,,,,,,,,,,,,,,,
65,123,coastal overwintering,4,southeast,3,1,Feb,7,A,2,M,2,0,,SC,"Mount Pleasant, SC",32346,2/18/2012,2/18/2012,2012,tape,Tagged Patriot's Point 1/16/2012; 4th capture,,PCN 804,1,,,,,,,,,,,,,,,,,,,
68,123,coastal overwintering,4,southeast,3,1,Feb,7,A,2,M,2,0,,SC,"Mount Pleasant, SC",32346,2/18/2012,2/18/2012,2012,tape,Tagged Patriot's Point 1/23/2012; 6th capture,,PCN 834,1,,,,,,,,,,,,,,,,,,,
74,123,coastal overwintering,4,southeast,3,1,Feb,7,A,2,M,2,0,,SC,"Mount Pleasant, SC",32346,2/18/2012,2/18/2012,2012,tape,Tagged Patriot's Point 2/11/2012; 2nd capture,,PCN 987,1,,,,,,,,,,,,,,,,,,,
76,123,coastal overwintering,4,southeast,3,1,Feb,7,A,2,M,2,0,,SC,"Mount Pleasant, SC",32346,2/18/2012,2/18/2012,2012,tape,Tagged Patriot's Point 2/18/2012; first capture,,PER 082,1,,,,,,,,,,,,,,,,,,,
77,123,coastal overwintering,4,southeast,3,1,Feb,7,A,2,M,2,0,,SC,"Mount Pleasant, SC",32346,2/18/2012,2/18/2012,2012,tape,Tagged Patriot's Point 2/18/2012; first capture,,PER 083,1,,,,,,,,,,,,,,,,,,,
20053,123,coastal overwintering,4,southeast,3,1,Feb,7,A,2,M,2,0,Dara Satterfield,SC,"Mount Pleasant, SC",32346,2/20/2012,2/20/2012,2012,tape,recap,,NPH 528,1,,,,,,,,,,,,,,,,,,,
20054,123,coastal overwintering,4,southeast,3,1,Feb,7,A,2,M,2,0,Dara Satterfield,SC,"Mount Pleasant, SC",32346,2/20/2012,2/20/2012,2012,tape,,,NPH 533,1,,,,,,,,,,,,,,,,,,,
20056,123,coastal overwintering,4,southeast,3,1,Feb,7,A,2,F,1,0,Dara Satterfield,SC,"Mount Pleasant, SC",32346,2/20/2012,2/20/2012,2012,tape,,,PER 084,1,,,,,,,,,,,,,,,,,,,
20057,123,coastal overwintering,4,southeast,3,1,Feb,7,A,2,F,1,0,Dara Satterfield,SC,"Mount Pleasant, SC",32346,2/20/2012,2/20/2012,2012,tape,,,PER 085,2,,,,,,,,,,,,,,,,,,,
20058,123,coastal overwintering,4,southeast,3,1,Feb,7,A,2,M,2,0,Dara Satterfield,SC,"Mount Pleasant, SC",32346,2/20/2012,2/20/2012,2012,tape,recap,,NPH 558,2,,,,,,,,,,,,,,,,,,,
20061,123,coastal overwintering,4,southeast,3,1,Feb,7,A,2,F,1,0,Dara Satterfield,SC,"Mount Pleasant, SC",32346,2/20/2012,2/20/2012,2012,tape,,,PER 086,1,,,,,,,,,,,,,,,,,,,
20063,123,coastal overwintering,4,southeast,3,1,Feb,7,A,2,F,1,0,Dara Satterfield,SC,"Mount Pleasant, SC",32346,2/20/2012,2/20/2012,2012,tape,recap; deformed left forewing,,PCN 810,1,,,,,,,,,,,,,,,,,,,
20064,123,coastal overwintering,4,southeast,3,1,Feb,7,A,2,M,2,0,Dara Satterfield,SC,"Mount Pleasant, SC",32346,2/20/2012,2/20/2012,2012,tape,recap,,PCN 858,0,,,,,,,,,,,,,,,,,,,
20066,123,coastal overwintering,4,southeast,3,1,Feb,7,A,2,M,2,0,Dara Satterfield,SC,"Mount Pleasant, SC",32346,2/20/2012,2/20/2012,2012,tape,,,PER 087,0,,,,,,,,,,,,,,,,,,,
20067,123,coastal overwintering,4,southeast,3,1,Feb,7,A,2,M,2,0,Dara Satterfield,SC,"Mount Pleasant, SC",32346,2/20/2012,2/20/2012,2012,tape,,,PER 088,0,,,,,,,,,,,,,,,,,,,
20069,123,coastal overwintering,4,southeast,3,1,Feb,7,A,2,M,2,0,Dara Satterfield,SC,"Mount Pleasant, SC",32346,2/21/2012,2/21/2012,2012,tape,recap,,PJR 817,1,,,,,,,,,,,,,,,,,,,
20070,123,coastal overwintering,4,southeast,3,1,Feb,7,A,2,M,2,0,Dara Satterfield,SC,"Mount Pleasant, SC",32346,2/21/2012,2/21/2012,2012,tape,recap,,PNC 728,1,,,,,,,,,,,,,,,,,,,
20072,123,coastal overwintering,4,southeast,3,1,Feb,7,A,2,M,2,0,Dara Satterfield,SC,"Mount Pleasant, SC",32346,2/21/2012,2/21/2012,2012,tape,,,PER 089,1,,,,,,,,,,,,,,,,,,,
20074,123,coastal overwintering,4,southeast,3,1,Feb,7,A,2,F,1,0,Dara Satterfield,SC,"Mount Pleasant, SC",32346,2/21/2012,2/21/2012,2012,tape,recap,,PCN 815,1,,,,,,,,,,,,,,,,,,,
20075,123,coastal overwintering,4,southeast,3,1,Feb,7,A,2,M,2,0,Dara Satterfield,SC,"Mount Pleasant, SC",32346,2/22/2012,2/22/2012,2012,tape,,,PER 093,2,,,,,,,,,,,,,,,,,,,
20076,123,coastal overwintering,4,southeast,3,1,Feb,7,A,2,M,2,0,Dara Satterfield,SC,"Mount Pleasant, SC",32346,2/22/2012,2/22/2012,2012,tape,,,PER 094,1,,,,,,,,,,,,,,,,,,,
20077,123,coastal overwintering,4,southeast,3,1,Feb,7,A,2,M,2,0,Dara Satterfield,SC,"Mount Pleasant, SC",32346,2/22/2012,2/22/2012,2012,tape,recap,,PCN 919,2,,,,,,,,,,,,,,,,,,,
20078,123,coastal overwintering,4,southeast,3,1,Feb,7,A,2,M,2,0,Dara Satterfield,SC,"Mount Pleasant, SC",32346,2/22/2012,2/22/2012,2012,tape,recap,,PCN 967,2,,,,,,,,,,,,,,,,,,,
20079,123,coastal overwintering,4,southeast,3,1,Feb,7,A,2,M,2,0,Dara Satterfield,SC,"Mount Pleasant, SC",32346,2/22/2012,2/22/2012,2012,tape,recap,,PCN 924,1,,,,,,,,,,,,,,,,,,,
20081,123,coastal overwintering,4,southeast,3,1,Feb,7,A,2,M,2,0,Dara Satterfield,SC,"Mount Pleasant, SC",32346,2/22/2012,2/22/2012,2012,tape,recap,,PCN 964,2,,,,,,,,,,,,,,,,,,,
88,123,coastal overwintering,4,southeast,3,1,Feb,7,A,2,M,2,1,,SC,"Mount Pleasant, SC",32346,2/15/2012,2/15/2012,2012,tape,Tagged Patriot's Point 12/31/2011; 2nd capture; recaptured again on 2/20 (#59 in Dara's book),,PBL 490,3,,,,,,,,,,,,,,,,,,,
89,123,coastal overwintering,4,southeast,3,1,Feb,7,A,2,M,2,1,,SC,"Mount Pleasant, SC",32346,2/15/2012,2/15/2012,2012,tape,Tagged Patriot's Point 12/31/2011; 5th capture; recaptured again 2/20 (#62 in Dara's book),,PBL 523,3,,,,,,,,,,,,,,,,,,,
90,123,coastal overwintering,4,southeast,3,1,Feb,7,A,2,M,2,1,,SC,"Mount Pleasant, SC",32346,2/15/2012,2/15/2012,2012,tape,Ex-larva James Is. emerged indoors 2/09/12; Tagged Patriot's Point 2/10/2012; 1st recovery,,PCN 982,3,,,,,,,,,,,,,,,,,,,
94,123,coastal overwintering,4,southeast,3,1,Feb,7,A,2,M,2,1,,SC,"Mount Pleasant, SC",32346,2/15/2012,2/15/2012,2012,tape,Tagged Patriot's Point 12/25/2011; 6th capture; recaptured again 2/18,,PNC 720,3,,,,,,,,,,,,,,,,,,,
20073,123,coastal overwintering,4,southeast,3,1,Feb,7,A,2,M,2,1,Dara Satterfield,SC,"Mount Pleasant, SC",32346,2/21/2012,2/21/2012,2012,tape,recap,,PNC 706,3,,,,,,,,,,,,,,,,,,,
20080,123,coastal overwintering,4,southeast,3,1,Feb,7,A,2,M,2,1,Dara Satterfield,SC,"Mount Pleasant, SC",32346,2/22/2012,2/22/2012,2012,tape,recap,,PCN 890,3,,,,,,,,,,,,,,,,,,,
30317,124,coastal overwintering,4,southeast,3,1,Dec,5,A,2,M,2,0,,FL,Alligator Point,32346,12/14/2011,12/14/2011,8/26/2012,tape,alternate OE score=0,,,0,,,,,,,,,,,,,,,,,,,
30318,124,coastal overwintering,4,southeast,3,1,Dec,5,A,2,M,2,0,,FL,Alligator Point,32346,12/14/2011,12/14/2011,8/26/2012,tape,alternate OE score=0,,,0,,,,,,,,,,,,,,,,,,,
30320,124,coastal overwintering,4,southeast,3,1,Dec,5,A,2,M,2,0,,FL,Alligator Point,32346,12/14/2011,12/14/2011,8/26/2012,tape,alternate OE score=2,,,1,,,,,,,,,,,,,,,,,,,
30321,124,coastal overwintering,4,southeast,3,1,Dec,5,A,2,M,2,0,,FL,Alligator Point,32346,12/14/2011,12/14/2011,8/26/2012,tape,alternate OE score=2,,,1,,,,,,,,,,,,,,,,,,,
30323,124,coastal overwintering,4,southeast,3,1,Dec,5,A,2,M,2,0,,FL,Alligator Point,32346,12/14/2011,12/14/2011,8/26/2012,tape,alternate OE score=2,,,1,,,,,,,,,,,,,,,,,,,
30324,124,coastal overwintering,4,southeast,3,1,Dec,5,A,2,F,1,0,,FL,Alligator Point,32346,12/15/2011,12/15/2011,8/26/2012,tape,alternate OE score=2,,,1,,,,,,,,,,,,,,,,,,,
30325,124,coastal overwintering,4,southeast,3,1,Dec,5,A,2,M,2,0,,FL,Alligator Point,32346,12/15/2011,12/15/2011,8/26/2012,tape,large abdomen; alternate OE score=0,,,0,,,,,,,,,,,,,,,,,,,
30326,124,coastal overwintering,4,southeast,3,1,Dec,5,A,2,M,2,0,,FL,Alligator Point,32346,12/15/2011,12/15/2011,8/26/2012,tape,alternate OE score=0,,,0,,,,,,,,,,,,,,,,,,,
30327,124,coastal overwintering,4,southeast,3,1,Dec,5,A,2,M,2,0,,FL,Alligator Point,32346,12/15/2011,12/15/2011,8/26/2012,tape,large abdomen; alternate OE score=0,,,0,,,,,,,,,,,,,,,,,,,
30328,124,coastal overwintering,4,southeast,3,1,Dec,5,A,2,M,2,0,,FL,Alligator Point,32346,12/15/2011,12/15/2011,8/26/2012,tape,alternate OE score=1,,,1,,,,,,,,,,,,,,,,,,,
30329,124,coastal overwintering,4,southeast,3,1,Dec,5,A,2,M,2,0,,FL,Alligator Point,32346,12/15/2011,12/15/2011,8/26/2012,tape,alternate OE score=2,,,1,,,,,,,,,,,,,,,,,,,
30330,124,coastal overwintering,4,southeast,3,1,Dec,5,A,2,F,1,0,,FL,Alligator Point,32346,12/15/2011,12/15/2011,8/26/2012,tape,tattered wings; alternate OE score=2,,,1,,,,,,,,,,,,,,,,,,,
30331,124,coastal overwintering,4,southeast,3,1,Dec,5,A,2,M,2,0,,FL,Alligator Point,32346,12/15/2011,12/15/2011,8/26/2012,tape,large abdomen; alternate OE score=2,,,1,,,,,,,,,,,,,,,,,,,
30332,124,coastal overwintering,4,southeast,3,1,Dec,5,A,2,M,2,0,,FL,Alligator Point,32346,12/15/2011,12/15/2011,8/26/2012,tape,tattered wings; alternate OE score=2,,,1,,,,,,,,,,,,,,,,,,,
30333,124,coastal overwintering,4,southeast,3,1,Dec,5,A,2,M,2,0,,FL,Alligator Point,32346,12/16/2011,12/16/2011,8/26/2012,tape,alternate OE score=0,,,0,,,,,,,,,,,,,,,,,,,
30334,124,coastal overwintering,4,southeast,3,1,Dec,5,A,2,M,2,0,,FL,Alligator Point,32346,12/17/2011,12/17/2011,8/26/2012,tape,large abdomen; alternate OE score=0,,,0,,,,,,,,,,,,,,,,,,,
30335,124,coastal overwintering,4,southeast,3,1,Dec,5,A,2,M,2,0,,FL,Alligator Point,32346,12/17/2011,12/17/2011,8/26/2012,tape,alternate OE score=0,,,0,,,,,,,,,,,,,,,,,,,
30336,124,coastal overwintering,4,southeast,3,1,Dec,5,A,2,F,1,0,,FL,Alligator Point,32346,12/17/2011,12/17/2011,8/26/2012,tape,a bit ragged but plump; after 3 pm; alternate OE score=1,,,1,,,,,,,,,,,,,,,,,,,
30337,124,coastal overwintering,4,southeast,3,1,Dec,5,A,2,F,1,0,,FL,Alligator Point,32346,12/17/2011,12/17/2011,8/26/2012,tape,alternate OE score=1,,,1,,,,,,,,,,,,,,,,,,,
30338,124,coastal overwintering,4,southeast,3,1,Dec,5,A,2,F,1,0,,FL,Alligator Point,32346,12/17/2011,12/17/2011,8/26/2012,tape,alternate OE score=0,,,0,,,,,,,,,,,,,,,,,,,
30339,124,coastal overwintering,4,southeast,3,1,Dec,5,A,2,F,1,0,,FL,Alligator Point,32346,12/17/2011,12/17/2011,8/26/2012,tape,alternate OE score=1,,,1,,,,,,,,,,,,,,,,,,,
30340,124,coastal overwintering,4,southeast,3,1,Dec,5,A,2,F,1,0,,FL,Alligator Point,32346,12/18/2011,12/18/2011,8/26/2012,tape,large abdomen; alternate OE score=0,,,0,,,,,,,,,,,,,,,,,,,
30341,124,coastal overwintering,4,southeast,3,1,Dec,5,A,2,F,1,0,,FL,Alligator Point,32346,12/18/2011,12/18/2011,8/26/2012,tape,large abdomen; alternate OE score=2,,,1,,,,,,,,,,,,,,,,,,,
30342,124,coastal overwintering,4,southeast,3,1,Dec,5,A,2,F,1,0,,FL,Alligator Point,32346,12/18/2011,12/18/2011,8/26/2012,tape,thin abdomen; alternate OE score=0,,,0,,,,,,,,,,,,,,,,,,,
30343,124,coastal overwintering,4,southeast,3,1,Dec,5,A,2,F,1,0,,FL,Alligator Point,32346,12/18/2011,12/18/2011,8/26/2012,tape,large abdomen; alternate OE score=0,,,0,,,,,,,,,,,,,,,,,,,
30344,124,coastal overwintering,4,southeast,3,1,Dec,5,A,2,M,2,0,,FL,Alligator Point,32346,12/19/2011,12/19/2011,8/26/2012,tape,large abdomen; alternate OE score=2,,,1,,,,,,,,,,,,,,,,,,,
30345,124,coastal overwintering,4,southeast,3,1,Dec,5,A,2,M,2,0,,FL,Alligator Point,32346,12/19/2011,12/19/2011,8/26/2012,tape,large abdomen; alternate OE score=2,,,1,,,,,,,,,,,,,,,,,,,
30141,124,coastal overwintering,4,southeast,3,1,Dec,5,A,2,M,2,0,,FL,Alligator Point,32346,12/27/2011,12/27/2011,2/27/2012,tape,tattered wings; small abdomen; alternate OE score=0,,,0,,,,,,,,,,,,,,,,,,,
30142,124,coastal overwintering,4,southeast,3,1,Dec,5,A,2,M,2,0,,FL,Alligator Point,32346,12/28/2011,12/28/2011,2/27/2012,tape,alternate OE score=1,,,1,,,,,,,,,,,,,,,,,,,
30143,124,coastal overwintering,4,southeast,3,1,Dec,5,A,2,F,1,0,,FL,Alligator Point,32346,12/28/2011,12/28/2011,2/27/2012,tape,wedge out of wing (missing?); alternate OE score=0,,,0,,,,,,,,,,,,,,,,,,,
30144,124,coastal overwintering,4,southeast,3,1,Dec,5,A,2,F,1,0,,FL,Alligator Point,32346,12/29/2011,12/29/2011,2/27/2012,tape,alternate OE score=0,,,0,,,,,,,,,,,,,,,,,,,
30145,124,coastal overwintering,4,southeast,3,1,Dec,5,A,2,M,2,0,,FL,Alligator Point,32346,12/29/2011,12/29/2011,2/27/2012,tape,tattered wings; plump; 12/31/11 recap; alternate OE score=0,,,0,,,,,,,,,,,,,,,,,,,
30146,124,coastal overwintering,4,southeast,3,1,Dec,5,A,2,F,1,0,,FL,Alligator Point,32346,12/29/2011,12/29/2011,2/27/2012,tape,good shape; alternate OE score=0,,,0,,,,,,,,,,,,,,,,,,,
30147,124,coastal overwintering,4,southeast,3,1,Dec,5,A,2,M,2,0,,FL,Alligator Point,32346,12/29/2011,12/29/2011,2/27/2012,tape,good shape; alternate OE score=0,,,0,,,,,,,,,,,,,,,,,,,
30148,124,coastal overwintering,4,southeast,3,1,Dec,5,A,2,M,2,0,,FL,Alligator Point,32346,12/31/2011,12/31/2011,2/27/2012,tape,good shape; plump; alternate OE score=0,,,0,,,,,,,,,,,,,,,,,,,
30149,124,coastal overwintering,4,southeast,3,1,Jan,6,A,2,M,2,0,,FL,Alligator Point,32346,1/1/2012,1/1/2012,2/27/2012,tape,good shape; plump; alternate OE score=0,,,0,,,,,,,,,,,,,,,,,,,
30150,124,coastal overwintering,4,southeast,3,1,Jan,6,A,2,M,2,0,,FL,Alligator Point,32346,1/1/2012,1/1/2012,2/27/2012,tape,good shape; alternate OE score=2,,,1,,,,,,,,,,,,,,,,,,,
30151,124,coastal overwintering,4,southeast,3,1,Jan,6,A,2,M,2,0,,FL,Alligator Point,32346,1/9/2012,1/9/2012,2/27/2012,tape,good shape; plump; alternate OE score=1,,,1,,,,,,,,,,,,,,,,,,,
30152,124,coastal overwintering,4,southeast,3,1,Jan,6,A,2,M,2,0,,FL,Alligator Point,32346,1/15/2012,1/15/2012,2/27/2012,tape,thin abdomen; alternate OE score=0,,,0,,,,,,,,,,,,,,,,,,,
30153,124,coastal overwintering,4,southeast,3,1,Jan,6,A,2,F,1,0,,FL,Alligator Point,32346,1/16/2012,1/16/2012,2/27/2012,tape,plump; alternate OE score=3,,,2,,,,,,,,,,,,,,,,,,,
30154,124,coastal overwintering,4,southeast,3,1,Jan,6,A,2,F,1,0,,FL,Alligator Point,32346,1/16/2012,1/16/2012,2/27/2012,tape,plump; alternate OE score=0,,,0,,,,,,,,,,,,,,,,,,,
30155,124,coastal overwintering,4,southeast,3,1,Jan,6,A,2,M,2,0,,FL,Alligator Point,32346,1/28/2012,1/28/2012,2/27/2012,tape,alternate OE score=0,,,0,,,,,,,,,,,,,,,,,,,
30319,124,coastal overwintering,4,southeast,3,1,Dec,5,A,2,F,1,1,,FL,Alligator Point,32346,12/14/2011,12/14/2011,8/26/2012,tape,alternate OE score=4,,,3,,,,,,,,,,,,,,,,,,,
30322,124,coastal overwintering,4,southeast,3,1,Dec,5,A,2,M,2,1,,FL,Alligator Point,32346,12/14/2011,12/14/2011,8/26/2012,tape,tattered condition; important note: spores appear oblong; alternate OE score=4,,,3,,,,,,,,,,,,,,,,,,,
15044,124,coastal overwintering,4,southeast,3,2,Dec,5,A,2,M,2,0,,FL,Alligator Point,32346,12/2/2012,12/2/2012,1/16/2013,tape,,htlu10,,0,,,,,,,,,,,,,,,,,,,
15045,124,coastal overwintering,4,southeast,3,2,Dec,5,A,2,F,1,0,,FL,Alligator Point,32346,12/2/2012,12/2/2012,1/16/2013,tape,ragged,htlu10,,0,,,,,,,,,,,,,,,,,,,
15046,124,coastal overwintering,4,southeast,3,2,Dec,5,A,2,M,2,0,,FL,Alligator Point,32346,12/2/2012,12/2/2012,1/16/2013,tape,plump,htlu10,,0,,,,,,,,,,,,,,,,,,,
15047,124,coastal overwintering,4,southeast,3,2,Dec,5,A,2,M,2,0,,FL,Alligator Point,32346,12/2/2012,12/2/2012,1/16/2013,tape,,htlu10,,0,,,,,,,,,,,,,,,,,,,
15049,124,coastal overwintering,4,southeast,3,2,Dec,5,A,2,M,2,0,,FL,Alligator Point,32346,12/2/2012,12/2/2012,1/16/2013,tape,,htlu10,,0,,,,,,,,,,,,,,,,,,,
15050,124,coastal overwintering,4,southeast,3,2,Dec,5,A,2,M,2,0,,FL,Alligator Point,32346,12/2/2012,12/2/2012,1/16/2013,tape,,htlu10,,0,,,,,,,,,,,,,,,,,,,
15051,124,coastal overwintering,4,southeast,3,2,Dec,5,A,2,M,2,0,,FL,Alligator Point,32346,12/2/2012,12/2/2012,1/16/2013,tape,,htlu10,,0,,,,,,,,,,,,,,,,,,,
15052,124,coastal overwintering,4,southeast,3,2,Dec,5,A,2,M,2,0,,FL,Alligator Point,32346,12/2/2012,12/2/2012,1/16/2013,tape,plump,htlu10,,0,,,,,,,,,,,,,,,,,,,
15053,124,coastal overwintering,4,southeast,3,2,Dec,5,A,2,M,2,0,,FL,Alligator Point,32346,12/2/2012,12/2/2012,1/16/2013,tape,A few scales missing,htlu10,,0,,,,,,,,,,,,,,,,,,,
15054,124,coastal overwintering,4,southeast,3,2,Dec,5,A,2,M,2,0,,FL,Alligator Point,32346,12/2/2012,12/2/2012,1/16/2013,tape,,htlu10,,0,,,,,,,,,,,,,,,,,,,
15055,124,coastal overwintering,4,southeast,3,2,Dec,5,A,2,M,2,0,,FL,Alligator Point,32346,12/2/2012,12/2/2012,1/16/2013,tape,,htlu10,,0,,,,,,,,,,,,,,,,,,,
15056,124,coastal overwintering,4,southeast,3,2,Dec,5,A,2,M,2,0,,FL,Alligator Point,32346,12/2/2012,12/2/2012,1/16/2013,tape,,htlu10,,0,,,,,,,,,,,,,,,,,,,
15057,124,coastal overwintering,4,southeast,3,2,Dec,5,A,2,M,2,0,,FL,Alligator Point,32346,12/2/2012,12/2/2012,1/16/2013,tape,,htlu10,,0,,,,,,,,,,,,,,,,,,,
15058,124,coastal overwintering,4,southeast,3,2,Dec,5,A,2,M,2,0,,FL,Alligator Point,32346,12/2/2012,12/2/2012,1/16/2013,tape,,htlu10,,0,,,,,,,,,,,,,,,,,,,
15059,124,coastal overwintering,4,southeast,3,2,Dec,5,A,2,F,1,0,,FL,Alligator Point,32346,12/2/2012,12/2/2012,1/16/2013,tape,,htlu10,,0,,,,,,,,,,,,,,,,,,,
15060,124,coastal overwintering,4,southeast,3,2,Dec,5,A,2,M,2,0,,FL,Alligator Point,32346,12/2/2012,12/2/2012,1/16/2013,tape,tattered wing,htlu10,,0,,,,,,,,,,,,,,,,,,,
15061,124,coastal overwintering,4,southeast,3,2,Dec,5,A,2,F,1,0,,FL,Alligator Point,32346,12/3/2012,12/3/2012,1/16/2013,tape,Very thin abdomen,htlu10,,0,,,,,,,,,,,,,,,,,,,
15062,124,coastal overwintering,4,southeast,3,2,Dec,5,A,2,F,1,0,,FL,Alligator Point,32346,12/3/2012,12/3/2012,1/16/2013,tape,very fat abdomen,htlu10,,0,,,,,,,,,,,,,,,,,,,
15063,124,coastal overwintering,4,southeast,3,2,Dec,5,A,2,M,2,0,,FL,Alligator Point,32346,12/3/2012,12/3/2012,1/16/2013,tape,,htlu10,,0,,,,,,,,,,,,,,,,,,,
15064,124,coastal overwintering,4,southeast,3,2,Dec,5,A,2,M,2,0,,FL,Alligator Point,32346,12/3/2012,12/3/2012,1/16/2013,tape,,htlu10,,0,,,,,,,,,,,,,,,,,,,
15065,124,coastal overwintering,4,southeast,3,2,Dec,5,A,2,M,2,0,,FL,Alligator Point,32346,12/3/2012,12/3/2012,1/16/2013,tape,,htlu10,,0,,,,,,,,,,,,,,,,,,,
15066,124,coastal overwintering,4,southeast,3,2,Dec,5,A,2,F,1,0,,FL,Alligator Point,32346,12/3/2012,12/3/2012,5/21/2013,tape,,jefoha,,0,,,,,,,,,,,,,,,,,,,
15067,124,coastal overwintering,4,southeast,3,2,Dec,5,A,2,F,1,0,,FL,Alligator Point,32346,12/3/2012,12/3/2012,1/16/2013,tape,,htlu10,,0,,,,,,,,,,,,,,,,,,,
15068,124,coastal overwintering,4,southeast,3,2,Dec,5,A,2,M,2,0,,FL,Alligator Point,32346,12/3/2012,12/3/2012,1/16/2013,tape,,htlu10,,0,,,,,,,,,,,,,,,,,,,
15069,124,coastal overwintering,4,southeast,3,2,Dec,5,A,2,M,2,0,,FL,Alligator Point,32346,12/3/2012,12/3/2012,1/16/2013,tape,,htlu10,,0,,,,,,,,,,,,,,,,,,,
15070,124,coastal overwintering,4,southeast,3,2,Dec,5,A,2,M,2,0,,FL,Alligator Point,32346,12/3/2012,12/3/2012,1/16/2013,tape,,htlu10,,0,,,,,,,,,,,,,,,,,,,
15071,124,coastal overwintering,4,southeast,3,2,Dec,5,A,2,M,2,0,,FL,Alligator Point,32346,12/3/2012,12/3/2012,1/16/2013,tape,,htlu10,,0,,,,,,,,,,,,,,,,,,,
15072,124,coastal overwintering,4,southeast,3,2,Dec,5,A,2,M,2,0,,FL,Alligator Point,32346,12/3/2012,12/3/2012,1/16/2013,tape,,htlu10,,0,,,,,,,,,,,,,,,,,,,
15073,124,coastal overwintering,4,southeast,3,2,Dec,5,A,2,M,2,0,,FL,Alligator Point,32346,12/3/2012,12/3/2012,1/16/2013,tape,,htlu10,,0,,,,,,,,,,,,,,,,,,,
15074,124,coastal overwintering,4,southeast,3,2,Dec,5,A,2,M,2,0,,FL,Alligator Point,32346,12/3/2012,12/3/2012,1/16/2013,tape,,htlu10,,0,,,,,,,,,,,,,,,,,,,
15075,124,coastal overwintering,4,southeast,3,2,Dec,5,A,2,M,2,0,,FL,Alligator Point,32346,12/3/2012,12/3/2012,1/16/2013,tape,,htlu10,,0,,,,,,,,,,,,,,,,,,,
15076,124,coastal overwintering,4,southeast,3,2,Dec,5,A,2,F,1,0,,FL,Alligator Point,32346,12/5/2012,12/5/2012,1/16/2013,tape,,htlu10,,0,,,,,,,,,,,,,,,,,,,
15077,124,coastal overwintering,4,southeast,3,2,Dec,5,A,2,M,2,0,,FL,Alligator Point,32346,12/5/2012,12/5/2012,1/16/2013,tape,,htlu10,,0,,,,,,,,,,,,,,,,,,,
15078,124,coastal overwintering,4,southeast,3,2,Dec,5,A,2,M,2,0,,FL,Alligator Point,32346,12/5/2012,12/5/2012,1/16/2013,tape,,htlu10,,0,,,,,,,,,,,,,,,,,,,
15079,124,coastal overwintering,4,southeast,3,2,Dec,5,A,2,M,2,0,,FL,Alligator Point,32346,12/5/2012,12/5/2012,1/16/2013,tape,,htlu10,,0,,,,,,,,,,,,,,,,,,,
15080,124,coastal overwintering,4,southeast,3,2,Dec,5,A,2,M,2,0,,FL,Alligator Point,32346,12/5/2012,12/5/2012,1/16/2013,tape,,htlu10,,0,,,,,,,,,,,,,,,,,,,
15587,124,coastal overwintering,4,southeast,3,2,Dec,5,A,2,M,2,0,,FL,Alligator Point,32346,12/9/2012,12/9/2012,4/3/2013,tape,,htlu10,,0,,,,,,,,,,,,,,,,,,,
15588,124,coastal overwintering,4,southeast,3,2,Dec,5,A,2,F,1,0,,FL,Alligator Point,32346,12/9/2012,12/9/2012,4/3/2013,tape,,htlu10,,1,,,,,,,,,,,,,,,,,,,
15589,124,coastal overwintering,4,southeast,3,2,Dec,5,A,2,M,2,0,,FL,Alligator Point,32346,12/9/2012,12/9/2012,4/3/2013,tape,,htlu10,,0,,,,,,,,,,,,,,,,,,,
15590,124,coastal overwintering,4,southeast,3,2,Dec,5,A,2,M,2,0,,FL,Alligator Point,32346,12/9/2012,12/9/2012,4/3/2013,tape,,htlu10,,0,,,,,,,,,,,,,,,,,,,
15591,124,coastal overwintering,4,southeast,3,2,Dec,5,A,2,M,2,0,,FL,Alligator Point,32346,12/10/2012,12/10/2012,4/3/2013,tape,,htlu10,,0,,,,,,,,,,,,,,,,,,,
15592,124,coastal overwintering,4,southeast,3,2,Dec,5,A,2,M,2,0,,FL,Alligator Point,32346,12/10/2012,12/10/2012,4/3/2013,tape,,htlu10,,0,,,,,,,,,,,,,,,,,,,
15593,124,coastal overwintering,4,southeast,3,2,Dec,5,A,2,F,1,0,,FL,Alligator Point,32346,12/10/2012,12/10/2012,4/3/2013,tape,,htlu10,,0,,,,,,,,,,,,,,,,,,,
15594,124,coastal overwintering,4,southeast,3,2,Dec,5,A,2,M,2,0,,FL,Alligator Point,32346,12/10/2012,12/10/2012,4/3/2013,tape,good condition,htlu10,,0,,,,,,,,,,,,,,,,,,,
15595,124,coastal overwintering,4,southeast,3,2,Dec,5,A,2,M,2,0,,FL,Alligator Point,32346,12/17/2012,12/17/2012,4/3/2013,tape,good condition,htlu10,,0,,,,,,,,,,,,,,,,,,,
15596,124,coastal overwintering,4,southeast,3,2,Dec,5,A,2,M,2,0,,FL,Alligator Point,32346,12/17/2012,12/17/2012,4/3/2013,tape,tattooed wing,htlu10,,1,,,,,,,,,,,,,,,,,,,
15597,124,coastal overwintering,4,southeast,3,2,Dec,5,A,2,M,2,0,,FL,Alligator Point,32346,12/19/2012,12/19/2012,4/3/2013,tape,worn scales,htlu10,,0,,,,,,,,,,,,,,,,,,,
15598,124,coastal overwintering,4,southeast,3,2,Dec,5,A,2,M,2,0,,FL,Alligator Point,32346,12/19/2012,12/19/2012,4/3/2013,tape,,htlu10,,0,,,,,,,,,,,,,,,,,,,
15599,124,coastal overwintering,4,southeast,3,2,Dec,5,A,2,F,1,0,,FL,Alligator Point,32346,12/19/2012,12/19/2012,4/3/2013,tape,worn scales,htlu10,,1,,,,,,,,,,,,,,,,,,,
15600,124,coastal overwintering,4,southeast,3,2,Dec,5,A,2,M,2,0,,FL,Alligator Point,32346,12/19/2012,12/19/2012,4/3/2013,tape,ragged,htlu10,,2,,,,,,,,,,,,,,,,,,,
15601,124,coastal overwintering,4,southeast,3,2,Dec,5,A,2,M,2,0,,FL,Alligator Point,32346,12/19/2012,12/19/2012,4/3/2013,tape,ragged,htlu10,,1,,,,,,,,,,,,,,,,,,,
15602,124,coastal overwintering,4,southeast,3,2,Dec,5,A,2,F,1,0,,FL,Alligator Point,32346,12/19/2012,12/19/2012,4/3/2013,tape,plump/ good condition,htlu10,,0,,,,,,,,,,,,,,,,,,,
15603,124,coastal overwintering,4,southeast,3,2,Dec,5,A,2,M,2,0,,FL,Alligator Point,32346,12/19/2012,12/19/2012,4/3/2013,tape,good condition,htlu10,,1,,,,,,,,,,,,,,,,,,,
15604,124,coastal overwintering,4,southeast,3,2,Dec,5,A,2,M,2,0,,FL,Alligator Point,32346,12/19/2012,12/19/2012,4/3/2013,tape,"ragged, torn wing",htlu10,,0,,,,,,,,,,,,,,,,,,,
15605,124,coastal overwintering,4,southeast,3,2,Dec,5,A,2,M,2,0,,FL,Alligator Point,32346,12/19/2012,12/19/2012,4/3/2013,tape,torn wing,htlu10,,0,,,,,,,,,,,,,,,,,,,
15606,124,coastal overwintering,4,southeast,3,2,Dec,5,A,2,M,2,0,,FL,Alligator Point,32346,12/19/2012,12/19/2012,4/3/2013,tape,good condition,htlu10,,0,,,,,,,,,,,,,,,,,,,
15607,124,coastal overwintering,4,southeast,3,2,Dec,5,A,2,M,2,0,,FL,Alligator Point,32346,12/19/2012,12/19/2012,4/3/2013,tape,missing part of hindwing,htlu10,,1,,,,,,,,,,,,,,,,,,,
15608,124,coastal overwintering,4,southeast,3,2,Dec,5,A,2,M,2,0,,FL,Alligator Point,32346,12/19/2012,12/19/2012,4/3/2013,tape,ragged,htlu10,,2,,,,,,,,,,,,,,,,,,,
15609,124,coastal overwintering,4,southeast,3,2,Dec,5,A,2,M,2,0,,FL,Alligator Point,32346,12/21/2012,12/21/2012,4/3/2013,tape,good condition,htlu10,,2,,,,,,,,,,,,,,,,,,,
15610,124,coastal overwintering,4,southeast,3,2,Dec,5,A,2,M,2,0,,FL,Alligator Point,32346,12/22/2012,12/22/2012,4/3/2013,tape,good condition,htlu10,,0,,,,,,,,,,,,,,,,,,,
15611,124,coastal overwintering,4,southeast,3,2,Dec,5,A,2,M,2,0,,FL,Alligator Point,32346,12/22/2012,12/22/2012,4/3/2013,tape,torn left wing,htlu10,,0,,,,,,,,,,,,,,,,,,,
15612,124,coastal overwintering,4,southeast,3,2,Dec,5,A,2,M,2,0,,FL,Alligator Point,32346,12/22/2012,12/22/2012,4/3/2013,tape,good condition,htlu10,,0,,,,,,,,,,,,,,,,,,,
15613,124,coastal overwintering,4,southeast,3,2,Dec,5,A,2,M,2,0,,FL,Alligator Point,32346,12/24/2012,12/24/2012,4/3/2013,tape,tattered left wing,htlu10,,1,,,,,,,,,,,,,,,,,,,
15614,124,coastal overwintering,4,southeast,3,2,Dec,5,A,2,M,2,0,,FL,Alligator Point,32346,12/28/2012,12/28/2012,4/3/2013,tape,"worn scales, tattered wing",htlu10,,1,,,,,,,,,,,,,,,,,,,
15615,124,coastal overwintering,4,southeast,3,2,Dec,5,A,2,F,1,0,,FL,Alligator Point,32346,12/28/2012,12/28/2012,4/3/2013,tape,good condition,htlu10,,0,,,,,,,,,,,,,,,,,,,
15616,124,coastal overwintering,4,southeast,3,2,Dec,5,A,2,F,1,0,,FL,Alligator Point,32346,12/28/2012,12/28/2012,4/3/2013,tape,"torn wing, slightly worn scales",htlu10,,0,,,,,,,,,,,,,,,,,,,
15617,124,coastal overwintering,4,southeast,3,2,Dec,5,A,2,M,2,0,,FL,Alligator Point,32346,12/28/2012,12/28/2012,3/20/2013,tape,good shape,htlu10,,0,,,,,,,,,,,,,,,,,,,
15618,124,coastal overwintering,4,southeast,3,2,Jan,6,A,2,M,2,0,,FL,Alligator Point,32346,1/8/2013,1/8/2013,3/20/2013,tape,good shape,htlu10,,1,,,,,,,,,,,,,,,,,,,
15619,124,coastal overwintering,4,southeast,3,2,Jan,6,A,2,F,1,0,,FL,Alligator Point,32346,1/9/2013,1/9/2013,3/20/2013,tape,worn wings,htlu10,,0,,,,,,,,,,,,,,,,,,,
15620,124,coastal overwintering,4,southeast,3,2,Jan,6,A,2,F,1,0,,FL,Alligator Point,32346,1/9/2013,1/9/2013,3/20/2013,tape,good shape,htlu10,,0,,,,,,,,,,,,,,,,,,,
15621,124,coastal overwintering,4,southeast,3,2,Jan,6,A,2,M,2,0,,FL,Alligator Point,32346,1/9/2013,1/9/2013,3/20/2013,tape,good shape,htlu10,,0,,,,,,,,,,,,,,,,,,,
15622,124,coastal overwintering,4,southeast,3,2,Jan,6,A,2,F,1,0,,FL,Alligator Point,32346,1/9/2013,1/9/2013,3/20/2013,tape,good shape,htlu10,,2,,,,,,,,,,,,,,,,,,,
15623,124,coastal overwintering,4,southeast,3,2,Jan,6,A,2,M,2,0,,FL,Alligator Point,32346,1/14/2013,1/14/2013,3/20/2013,tape,plump,htlu10,,0,,,,,,,,,,,,,,,,,,,
15624,124,coastal overwintering,4,southeast,3,2,Feb,7,A,2,M,2,0,,FL,Alligator Point,32346,2/3/2013,2/3/2013,3/20/2013,tape,good shape,htlu10,,0,,,,,,,,,,,,,,,,,,,
15048,124,coastal overwintering,4,southeast,3,2,Dec,5,A,2,M,2,1,,FL,Alligator Point,32346,12/2/2012,12/2/2012,1/16/2013,tape,,htlu10,,3,,,,,,,,,,,,,,,,,,,
20232,125,coastal overwintering,4,southeast,3,2,Feb,7,A,2,M,2,0,Dara Satterfield; St. James Island,FL,St. James Island,32346,2/26/2013,2/26/2013,2/27/2013,tape,,,,2,,,,,,,,,,,,,,,,,,,
20233,125,coastal overwintering,4,southeast,3,2,Feb,7,A,2,M,2,0,Dara Satterfield,FL,Panacea,32346,2/26/2013,2/26/2013,2/27/2013,tape,,,,0,,,,,,,,,,,,,,,,,,,
20234,125,coastal overwintering,4,southeast,3,2,Feb,7,A,2,M,2,0,Dara Satterfield,FL,Panacea,32346,2/26/2013,2/26/2013,2/27/2013,tape,,,,2,,,,,,,,,,,,,,,,,,,
20235,125,coastal overwintering,4,southeast,3,2,Feb,7,A,2,M,2,0,Dara Satterfield,FL,Panacea,32346,2/26/2013,2/26/2013,2/27/2013,tape,,,,0,,,,,,,,,,,,,,,,,,,
20236,125,coastal overwintering,4,southeast,3,2,Feb,7,A,2,M,2,0,Dara Satterfield,FL,Panacea,32346,2/26/2013,2/26/2013,2/27/2013,tape,,,,0,,,,,,,,,,,,,,,,,,,
20237,125,coastal overwintering,4,southeast,3,2,Feb,7,A,2,M,2,0,Dara Satterfield,FL,Panacea,32346,2/26/2013,2/26/2013,2/27/2013,tape,,,,1,,,,,,,,,,,,,,,,,,,
15777,125,coastal overwintering,4,southeast,3,2,Feb,7,A,2,M,2,0,,FL,Panacea,32346,2/27/2013,2/27/2013,3/27/2013,tape,,h2nguyen,,0,,,,,,,,,,,,,,,,,,,
20238,125,coastal overwintering,4,southeast,3,2,Feb,7,A,2,F,1,1,Dara Satterfield,FL,Panacea,32346,2/26/2013,2/26/2013,2/27/2013,tape,,,,3,,,,,,,,,,,,,,,,,,,
15778,126,coastal overwintering,4,southeast,3,2,Jan,6,A,2,M,2,0,,FL,Panama,32346,1/17/2013,1/20/2013,3/27/2013,tape,"Received frozen, did not enclose well",h2nguyen,,1,,,,,,,,,,,,,,,,,,,
15779,126,coastal overwintering,4,southeast,3,2,Jan,6,A,2,F,1,0,,FL,Panama,32346,1/17/2013,1/20/2013,3/27/2013,tape,1 wing misshaped,h2nguyen,,0,,,,,,,,,,,,,,,,,,,
,,,,,,,,,,,,,,,,,,,,,,,,,,,,,,,,,,,,,,,,,,,,
,,,,,,,,,,,,,,,,,,,,,,,,,,,,,,,,,,,,,,,,,,,,
,,,,,,,,,,,,,,,,,,,,,,,,,,,,,,,,,,,,,,,,,,,,
,,,,,,,,,,,,,,,,,,,,,,,,,,,,,,,,,,,,,,,,,,,,
,,,,,,,,,,,,,,,,,,,,,,,,,,,,,,,,,,,,,,,,,,,,
,,,,,,,,,,,,,,,,,,,,,,,,,,,,,,,,,,,,,,,,,,,,
,,,,,,,,,,,,,,,,,,,,,,,,,,,,,,,,,,,,,,,,,,,,
,,,,,,,,,,,,,,,,,,,,,,,,,,,,,,,,,,,,,,,,,,,,
,,,,,,,,,,,,,,,,,,,,,,,,,,,,,,,,,,,,,,,,,,,,
,,,,,,,,,,,,,,,,,,,,,,,,,,,,,,,,,,,,,,,,,,,,
,,,,,,,,,,,,,,,,,,,,,,,,,,,,,,,,,,,,,,,,,,,,
,,,,,,,,,,,,,,,,,,,,,,,,,,,,,,,,,,,,,,,,,,,,
,,,,,,,,,,,,,,,,,,,,,,,,,,,,,,,,,,,,,,,,,,,,
,,,,,,,,,,,,,,,,,,,,,,,,,,,,,,,,,,,,,,,,,,,,
,,,,,,,,,,,,,,,,,,,,,,,,,,,,,,,,,,,,,,,,,,,,
,,,,,,,,,,,,,,,,,,,,,,,,,,,,,,,,,,,,,,,,,,,,
,,,,,,,,,,,,,,,,,,,,,,,,,,,,,,,,,,,,,,,,,,,,
,,,,,,,,,,,,,,,,,,,,,,,,,,,,,,,,,,,,,,,,,,,,
,,,,,,,,,,,,,,,,,,,,,,,,,,,,,,,,,,,,,,,,,,,,
,,,,,,,,,,,,,,,,,,,,,,,,,,,,,,,,,,,,,,,,,,,,
,,,,,,,,,,,,,,,,,,,,,,,,,,,,,,,,,,,,,,,,,,,,
,,,,,,,,,,,,,,,,,,,,,,,,,,,,,,,,,,,,,,,,,,,,
,,,,,,,,,,,,,,,,,,,,,,,,,,,,,,,,,,,,,,,,,,,,
,,,,,,,,,,,,,,,,,,,,,,,,,,,,,,,,,,,,,,,,,,,,
,,,,,,,,,,,,,,,,,,,,,,,,,,,,,,,,,,,,,,,,,,,,
,,,,,,,,,,,,,,,,,,,,,,,,,,,,,,,,,,,,,,,,,,,,
