ID,site.ID,region,region.ID,subregion,subregion.ID,year,season.phase,season.phase.ID,type,type.ID,sex,sex.ID,INF status,Affiliation,State,City,Zipcode,Date Collected,Date Sampled,Date Processed,Method
30411,92,Winter-breeding,3,South central,7,1,December,5,LP,1,F,1,0,TEXAS STATE NATURALIST,TX,Spring,77386,12/16/2011,12/16/2011,8/29/2012,tape
30412,92,Winter-breeding,3,South central,7,1,December,5,LP,1,F,1,0,TEXAS STATE NATURALIST,TX,Spring,77386,12/16/2011,12/16/2011,8/29/2012,tape
30413,92,Winter-breeding,3,South central,7,1,December,5,LP,1,F,1,0,TEXAS STATE NATURALIST,TX,Spring,77386,12/16/2011,12/16/2011,8/29/2012,tape
30416,92,Winter-breeding,3,South central,7,1,December,5,LP,1,F,1,0,TEXAS STATE NATURALIST,TX,Spring,77386,12/16/2011,12/16/2011,8/29/2012,tape
30417,92,Winter-breeding,3,South central,7,1,December,5,LP,1,F,1,0,TEXAS STATE NATURALIST,TX,Spring,77386,12/16/2011,12/16/2011,8/29/2012,tape
30418,92,Winter-breeding,3,South central,7,1,December,5,LP,1,F,1,0,TEXAS STATE NATURALIST,TX,Spring,77386,12/16/2011,12/16/2011,8/29/2012,tape
30419,92,Winter-breeding,3,South central,7,1,December,5,LP,1,F,1,0,TEXAS STATE NATURALIST,TX,Spring,77386,12/16/2011,12/16/2011,8/29/2012,tape
30422,92,Winter-breeding,3,South central,7,1,December,5,LP,1,F,1,0,TEXAS STATE NATURALIST,TX,Spring,77386,12/16/2011,12/16/2011,8/29/2012,tape
30423,92,Winter-breeding,3,South central,7,1,December,5,LP,1,F,1,0,TEXAS STATE NATURALIST,TX,Spring,77386,12/16/2011,12/16/2011,8/29/2012,tape
30426,92,Winter-breeding,3,South central,7,1,December,5,LP,1,F,1,0,TEXAS STATE NATURALIST,TX,Spring,77386,12/22/2011,12/22/2011,8/29/2012,tape
30427,92,Winter-breeding,3,South central,7,1,December,5,LP,1,F,1,0,TEXAS STATE NATURALIST,TX,Spring,77386,12/22/2011,12/22/2011,8/29/2012,tape
30414,92,Winter-breeding,3,South central,7,1,December,5,LP,1,M,2,0,TEXAS STATE NATURALIST,TX,Spring,77386,12/16/2011,12/16/2011,8/29/2012,tape
30415,92,Winter-breeding,3,South central,7,1,December,5,LP,1,M,2,0,TEXAS STATE NATURALIST,TX,Spring,77386,12/16/2011,12/16/2011,8/29/2012,tape
30420,92,Winter-breeding,3,South central,7,1,December,5,LP,1,M,2,0,TEXAS STATE NATURALIST,TX,Spring,77386,12/16/2011,12/16/2011,8/29/2012,tape
30421,92,Winter-breeding,3,South central,7,1,December,5,LP,1,M,2,0,TEXAS STATE NATURALIST,TX,Spring,77386,12/16/2011,12/16/2011,8/29/2012,tape
30425,92,Winter-breeding,3,South central,7,1,December,5,LP,1,M,2,0,TEXAS STATE NATURALIST,TX,Spring,77386,12/22/2011,12/22/2011,8/29/2012,tape
30430,92,Winter-breeding,3,South central,7,1,December,5,LP,1,M,2,0,TEXAS STATE NATURALIST,TX,Spring,77386,12/22/2011,12/22/2011,8/29/2012,tape
30432,92,Winter-breeding,3,South central,7,1,December,5,LP,1,M,2,0,TEXAS STATE NATURALIST,TX,Spring,77386,12/22/2011,12/22/2011,8/29/2012,tape
30424,92,Winter-breeding,3,South central,7,1,December,5,LP,1,F,1,1,TEXAS STATE NATURALIST,TX,Spring,77386,12/22/2011,12/22/2011,4/30/2012,tape
30429,92,Winter-breeding,3,South central,7,1,December,5,LP,1,F,1,1,TEXAS STATE NATURALIST,TX,Spring,77386,12/22/2011,12/22/2011,4/30/2012,tape
30431,92,Winter-breeding,3,South central,7,1,December,5,LP,1,F,1,1,TEXAS STATE NATURALIST,TX,Spring,77386,12/22/2011,12/22/2011,4/30/2012,tape
30428,92,Winter-breeding,3,South central,7,1,December,5,LP,1,M,2,1,TEXAS STATE NATURALIST,TX,Spring,77386,12/22/2011,12/22/2011,4/30/2012,tape
15707,93,Winter-breeding,3,South central,7,2,January,6,A,2,F,1,1,,TX,Sugarland,77479,1/20/2013,1/20/2013,4/3/2013,tape
15708,93,Winter-breeding,3,South central,7,2,January,6,A,2,F,1,1,,TX,Sugarland,77479,1/27/2013,1/27/2013,4/3/2013,tape
15709,93,Winter-breeding,3,South central,7,2,February,7,A,2,M,2,1,,TX,Sugarland,77479,2/1/2013,2/1/2013,4/3/2013,tape
30172,95,Winter-breeding,3,South central,7,1,December,5,,,F,1,1,,TX,Austin,78748,12/13/2011,12/13/2011,2/27/2012,tape
30174,95,Winter-breeding,3,South central,7,1,December,5,,,F,1,1,,TX,Austin,78748,12/19/2011,12/19/2011,2/27/2012,tape
30175,95,Winter-breeding,3,South central,7,1,December,5,,,F,1,1,,TX,Austin,78748,12/22/2011,12/22/2011,2/27/2012,tape
30176,95,Winter-breeding,3,South central,7,1,December,5,,,F,1,1,,TX,Austin,78748,12/22/2011,12/22/2011,2/27/2012,tape
30171,95,Winter-breeding,3,South central,7,1,December,5,,,M,2,1,,TX,Austin,78748,12/11/2011,12/11/2011,2/27/2012,tape
30173,95,Winter-breeding,3,South central,7,1,December,5,,,M,2,1,,TX,Austin,78748,12/13/2011,12/13/2011,2/27/2012,tape
30177,95,Winter-breeding,3,South central,7,1,December,5,,,M,2,1,,TX,Austin,78748,12/22/2011,12/22/2011,2/27/2012,tape
30178,95,Winter-breeding,3,South central,7,1,December,5,,,M,2,1,,TX,Austin,78748,12/23/2011,12/23/2011,2/27/2012,tape
30179,95,Winter-breeding,3,South central,7,1,December,5,,,M,2,1,,TX,Austin,78748,12/27/2011,12/27/2011,2/27/2012,tape
15713,95,Winter-breeding,3,South central,7,2,January,6,LP,1,F,1,0,,TX,Austin,78748,1/12/2013,1/12/2013,4/5/2013,tape
15714,95,Winter-breeding,3,South central,7,2,January,6,LP,1,F,1,0,,TX,Austin,78748,1/19/2013,1/19/2013,4/5/2013,tape
15715,95,Winter-breeding,3,South central,7,2,January,6,LP,1,F,1,0,,TX,Austin,78748,1/19/2013,1/19/2013,4/5/2013,tape
15716,95,Winter-breeding,3,South central,7,2,January,6,LP,1,F,1,0,,TX,Austin,78748,1/24/2013,1/24/2013,4/5/2013,tape
15720,95,Winter-breeding,3,South central,7,2,January,6,LP,1,F,1,0,,TX,Austin,78748,1/28/2013,1/28/2013,4/5/2013,tape
15710,95,Winter-breeding,3,South central,7,2,December,5,A,2,M,2,0,,TX,Austin,78748,12/3/2012,12/3/2012,4/5/2013,tape
15711,95,Winter-breeding,3,South central,7,2,December,5,A,2,M,2,0,,TX,Austin,78748,12/7/2012,12/7/2012,4/5/2013,tape
15712,95,Winter-breeding,3,South central,7,2,January,6,A,2,M,2,0,,TX,Austin,78748,1/4/2013,1/4/2013,4/5/2013,tape
15721,95,Winter-breeding,3,South central,7,2,February,7,LP,1,M,2,0,,TX,Austin,78748,2/13/2013,2/14/2013,4/5/2013,tape
15722,95,Winter-breeding,3,South central,7,2,February,7,LP,1,M,2,0,,TX,Austin,78748,2/13/2013,2/14/2013,4/5/2013,tape
15717,95,Winter-breeding,3,South central,7,2,January,6,LP,1,M,2,0,,TX,Austin,78748,1/25/2013,1/25/2013,4/5/2013,tape
15718,95,Winter-breeding,3,South central,7,2,January,6,LP,1,M,2,0,,TX,Austin,78748,1/26/2013,1/26/2013,4/5/2013,tape
15719,95,Winter-breeding,3,South central,7,2,January,6,LP,1,M,2,0,,TX,Austin,78748,1/26/2013,1/28/2013,4/5/2013,tape
30387,99,Winter-breeding,3,South central,7,1,December,5,LP,1,F,1,0,JESSICA ARNOLD,TX,Houston,77077,12/20/2011,12/21/2011,8/26/2012,tape
30390,99,Winter-breeding,3,South central,7,1,December,5,LP,1,F,1,0,JESSICA ARNOLD,TX,Houston,77077,12/23/2011,12/23/2011,8/26/2012,tape
30392,99,Winter-breeding,3,South central,7,1,December,5,LP,1,F,1,0,JESSICA ARNOLD,TX,Houston,77077,12/23/2011,12/23/2011,8/26/2012,tape
30393,99,Winter-breeding,3,South central,7,1,December,5,LP,1,F,1,0,JESSICA ARNOLD,TX,Houston,77077,12/28/2011,12/28/2011,8/26/2012,tape
30395,99,Winter-breeding,3,South central,7,1,December,5,LP,1,F,1,0,JESSICA ARNOLD,TX,Houston,77077,12/30/2011,12/30/2011,8/26/2012,tape
30399,99,Winter-breeding,3,South central,7,1,January,6,LP,1,F,1,0,JESSICA ARNOLD,TX,Houston,77077,1/21/2012,1/21/2012,8/26/2012,tape
30396,99,Winter-breeding,3,South central,7,1,December,5,,,F,1,0,JESSICA ARNOLD,TX,Houston,77077,12/30/2011,12/30/2011,8/26/2012,tape
30397,99,Winter-breeding,3,South central,7,1,December,5,,,F,1,0,JESSICA ARNOLD,TX,Houston,77077,12/30/2011,12/30/2011,8/26/2012,tape
30388,99,Winter-breeding,3,South central,7,1,December,5,LP,1,M,2,0,JESSICA ARNOLD,TX,Houston,77077,12/20/2011,12/21/2011,8/26/2012,tape
30389,99,Winter-breeding,3,South central,7,1,December,5,LP,1,M,2,0,JESSICA ARNOLD,TX,Houston,77077,12/20/2011,12/21/2011,8/26/2012,tape
30391,99,Winter-breeding,3,South central,7,1,December,5,LP,1,M,2,0,JESSICA ARNOLD,TX,Houston,77077,12/23/2011,12/23/2011,8/26/2012,tape
30382,99,Winter-breeding,3,South central,7,1,December,5,,,M,2,0,JESSICA ARNOLD,TX,Houston,77077,12/3/2011,12/3/2011,8/26/2012,tape
30383,99,Winter-breeding,3,South central,7,1,December,5,,,M,2,0,JESSICA ARNOLD,TX,Houston,77077,12/15/2011,12/15/2011,8/26/2012,tape
30384,99,Winter-breeding,3,South central,7,1,December,5,,,M,2,0,JESSICA ARNOLD,TX,Houston,77077,12/15/2011,12/15/2011,8/26/2012,tape
30385,99,Winter-breeding,3,South central,7,1,December,5,,,M,2,0,JESSICA ARNOLD,TX,Houston,77077,12/17/2011,12/17/2011,8/26/2012,tape
30386,99,Winter-breeding,3,South central,7,1,December,5,,,M,2,0,JESSICA ARNOLD,TX,Houston,77077,12/18/2011,12/18/2011,8/26/2012,tape
30400,99,Winter-breeding,3,South central,7,1,January,6,,,M,2,0,JESSICA ARNOLD,TX,Houston,77077,1/28/2012,1/28/2012,8/26/2012,tape
30394,99,Winter-breeding,3,South central,7,1,December,5,,,F,1,1,JESSICA ARNOLD,TX,Houston,77077,12/28/2011,12/28/2011,4/30/2012,tape
30401,99,Winter-breeding,3,South central,7,1,February,7,,,M,2,1,JESSICA ARNOLD,TX,Houston,77077,2/1/2012,2/1/2012,4/30/2012,tape
30398,99,Winter-breeding,3,South central,7,1,January,6,,,M,2,1,JESSICA ARNOLD,TX,Houston,77077,1/7/2012,1/7/2012,4/30/2012,tape
20225,99,Winter-breeding,3,South central,7,2,January,6,A,2,F,1,0,Dara Satterfield,TX,Houston,,1/25/2013,1/25/2013,2/27/2013,tape
16093,99,Winter-breeding,3,South central,7,2,December,5,A,2,M,2,0,,TX,Houston,77077,12/8/2012,12/8/2012,5/20/2013,tape
16094,99,Winter-breeding,3,South central,7,2,December,5,A,2,F,1,1,,TX,Houston,77077,12/8/2012,12/8/2012,5/20/2013,tape
16095,99,Winter-breeding,3,South central,7,2,December,5,A,2,F,1,1,,TX,Houston,77077,12/8/2012,12/8/2012,5/20/2013,tape
16092,99,Winter-breeding,3,South central,7,2,December,5,A,2,M,2,1,,TX,Houston,77077,12/1/2012,12/1/2012,5/20/2013,tape
16096,99,Winter-breeding,3,South central,7,2,February,7,A,2,M,2,1,,TX,Houston,77077,2/3/2013,2/3/2013,5/20/2013,tape
16097,99,Winter-breeding,3,South central,7,2,February,7,A,2,M,2,1,,TX,Houston,77077,2/3/2013,2/3/2013,5/20/2013,tape
20224,99,Winter-breeding,3,South central,7,2,January,6,A,2,M,2,1,Dara Satterfield,TX,Houston,,1/25/2013,1/25/2013,2/27/2013,tape
20226,99,Winter-breeding,3,South central,7,2,January,6,A,2,M,2,1,Dara Satterfield,TX,Houston,,1/25/2013,1/25/2013,2/27/2013,tape
30352,100,Winter-breeding,3,South central,7,1,December,5,A,2,F,1,1,,LA,New Orleans,70124,12/15/2011,12/15/2011,4/1/2012,tape
30357,100,Winter-breeding,3,South central,7,1,December,5,A,2,F,1,1,,LA,New Orleans,70124,12/31/2011,12/31/2011,4/1/2012,tape
30358,100,Winter-breeding,3,South central,7,1,January,6,A,2,F,1,1,,LA,New Orleans,70124,1/25/2012,1/25/2012,4/1/2012,tape
30353,100,Winter-breeding,3,South central,7,1,December,5,A,2,M,2,1,,LA,New Orleans,70124,12/15/2011,12/15/2011,4/1/2012,tape
30354,100,Winter-breeding,3,South central,7,1,December,5,A,2,M,2,1,,LA,New Orleans,70124,12/15/2011,12/15/2011,8/26/2012,tape
30355,100,Winter-breeding,3,South central,7,1,December,5,A,2,M,2,1,,LA,New Orleans,70124,12/30/2011,12/30/2011,4/1/2012,tape
30356,100,Winter-breeding,3,South central,7,1,December,5,A,2,M,2,1,,LA,New Orleans,70124,12/30/2011,12/30/2011,4/1/2012,tape
15704,101,Winter-breeding,3,South central,7,2,December,5,A,2,M,2,0,,TX,Mercedes,78570,12/9/2012,12/9/2012,4/5/2013,tape
15705,101,Winter-breeding,3,South central,7,2,December,5,A,2,M,2,0,,TX,Mercedes,78570,12/16/2012,12/16/2012,4/5/2013,tape
15706,101,Winter-breeding,3,South central,7,2,December,5,A,2,M,2,0,,TX,Mercedes,78570,12/16/2012,12/16/2012,4/5/2013,tape
30120,105,Winter-breeding,3,South central,7,1,December,5,A,2,F,1,0,,TX,Houston,77025,12/17/2011,12/17/2011,2/27/2012,tape
30129,105,Winter-breeding,3,South central,7,1,January,6,A,2,F,1,0,,TX,Houston,77025,1/1/2012,1/1/2012,2/27/2012,tape
30133,105,Winter-breeding,3,South central,7,1,January,6,A,2,F,1,0,,TX,Houston,77025,1/7/2012,1/7/2012,2/27/2012,tape
30116,105,Winter-breeding,3,South central,7,1,December,5,A,2,M,2,0,,TX,Houston,77025,12/17/2011,12/17/2011,2/27/2012,tape
30118,105,Winter-breeding,3,South central,7,1,December,5,A,2,M,2,0,,TX,Houston,77025,12/17/2011,12/17/2011,2/27/2012,tape
30119,105,Winter-breeding,3,South central,7,1,December,5,A,2,M,2,0,,TX,Houston,77025,12/17/2011,12/17/2011,2/27/2012,tape
30122,105,Winter-breeding,3,South central,7,1,December,5,A,2,M,2,0,,TX,Houston,77025,12/30/2011,12/30/2011,2/27/2012,tape
30124,105,Winter-breeding,3,South central,7,1,December,5,A,2,M,2,0,,TX,Houston,77025,12/30/2011,12/30/2011,2/27/2012,tape
30126,105,Winter-breeding,3,South central,7,1,January,6,A,2,M,2,0,,TX,Houston,77025,1/1/2012,1/1/2012,2/27/2012,tape
30128,105,Winter-breeding,3,South central,7,1,January,6,A,2,M,2,0,,TX,Houston,77025,1/1/2012,1/1/2012,2/27/2012,tape
30130,105,Winter-breeding,3,South central,7,1,January,6,A,2,M,2,0,,TX,Houston,77025,1/6/2012,1/6/2012,2/27/2012,tape
30131,105,Winter-breeding,3,South central,7,1,January,6,A,2,M,2,0,,TX,Houston,77025,1/6/2012,1/6/2012,2/27/2012,tape
30132,105,Winter-breeding,3,South central,7,1,January,6,A,2,M,2,0,,TX,Houston,77025,1/7/2012,1/7/2012,2/27/2012,tape
30134,105,Winter-breeding,3,South central,7,1,January,6,A,2,M,2,0,,TX,Houston,77025,1/7/2012,1/7/2012,2/27/2012,tape
30137,105,Winter-breeding,3,South central,7,1,January,6,A,2,M,2,0,,TX,Houston,77025,1/7/2012,1/7/2012,2/27/2012,tape
30138,105,Winter-breeding,3,South central,7,1,January,6,A,2,M,2,0,,TX,Houston,77025,1/7/2012,1/7/2012,2/27/2012,tape
30140,105,Winter-breeding,3,South central,7,1,January,6,A,2,M,2,0,,TX,Houston,77025,1/7/2012,1/7/2012,2/27/2012,tape
30115,105,Winter-breeding,3,South central,7,1,December,5,A,2,F,1,1,,TX,Houston,77025,12/17/2011,12/17/2011,2/27/2012,tape
30121,105,Winter-breeding,3,South central,7,1,December,5,A,2,F,1,1,,TX,Houston,77025,12/17/2011,12/17/2011,2/27/2012,tape
30127,105,Winter-breeding,3,South central,7,1,January,6,A,2,F,1,1,,TX,Houston,77025,1/1/2012,1/1/2012,2/27/2012,tape
30117,105,Winter-breeding,3,South central,7,1,December,5,A,2,M,2,1,,TX,Houston,77025,12/17/2011,12/17/2011,2/27/2012,tape
30123,105,Winter-breeding,3,South central,7,1,December,5,A,2,M,2,1,,TX,Houston,77025,12/30/2011,12/30/2011,2/27/2012,tape
30125,105,Winter-breeding,3,South central,7,1,January,6,A,2,M,2,1,,TX,Houston,77025,1/1/2012,1/1/2012,2/27/2012,tape
30135,105,Winter-breeding,3,South central,7,1,January,6,A,2,M,2,1,,TX,Houston,77025,1/7/2012,1/7/2012,2/27/2012,tape
30136,105,Winter-breeding,3,South central,7,1,January,6,A,2,M,2,1,,TX,Houston,77025,1/7/2012,1/7/2012,2/27/2012,tape
30139,105,Winter-breeding,3,South central,7,1,January,6,A,2,M,2,1,,TX,Houston,77025,1/7/2012,1/7/2012,2/27/2012,tape
20117,105,Winter-breeding,3,South central,7,1,February,7,LP,1,M,2,1,Dara Satterfield,TX,Houston,Marty Webb's house,2/12/2012,2/24/2012,,tape
15990,105,Winter-breeding,3,South central,7,2,January,6,A,2,F,1,0,,TX,Houston,77025,1/21/2013,1/21/2013,5/20/2013,tape
15994,105,Winter-breeding,3,South central,7,2,January,6,A,2,F,1,0,,TX,Houston,77025,1/21/2013,1/21/2013,5/20/2013,tape
20208,105,Winter-breeding,3,South central,7,2,January,6,A,2,M,2,0,Dara Satterfield,TX,Houston,77017,1/24/2013,1/24/2013,2/27/2013,tape
20216,105,Winter-breeding,3,South central,7,2,January,6,A,2,M,2,0,Dara Satterfield,TX,Houston,77017,1/24/2013,1/24/2013,2/27/2013,tape
15998,105,Winter-breeding,3,South central,7,2,February,7,A,2,F,1,1,,TX,Houston,77025,2/1/2013,2/1/2013,5/20/2013,tape
15991,105,Winter-breeding,3,South central,7,2,January,6,A,2,F,1,1,,TX,Houston,77025,1/21/2013,1/21/2013,5/20/2013,tape
15992,105,Winter-breeding,3,South central,7,2,January,6,A,2,F,1,1,,TX,Houston,77025,1/21/2013,1/21/2013,5/20/2013,tape
20204,105,Winter-breeding,3,South central,7,2,January,6,A,2,F,1,1,Dara Satterfield,TX,Houston,77017,1/24/2013,1/24/2013,2/27/2013,tape
20207,105,Winter-breeding,3,South central,7,2,January,6,A,2,F,1,1,Dara Satterfield,TX,Houston,77017,1/24/2013,1/24/2013,2/27/2013,tape
20210,105,Winter-breeding,3,South central,7,2,January,6,A,2,F,1,1,Dara Satterfield,TX,Houston,77017,1/24/2013,1/24/2013,2/27/2013,tape
15999,105,Winter-breeding,3,South central,7,2,February,7,A,2,M,2,1,,TX,Houston,77025,2/13/2013,2/13/2013,5/20/2013,tape
16000,105,Winter-breeding,3,South central,7,2,February,7,A,2,M,2,1,,TX,Houston,77025,2/13/2013,2/13/2013,5/20/2013,tape
16001,105,Winter-breeding,3,South central,7,2,February,7,A,2,M,2,1,,TX,Houston,77025,2/13/2013,2/13/2013,5/20/2013,tape
16002,105,Winter-breeding,3,South central,7,2,February,7,A,2,M,2,1,,TX,Houston,77025,2/13/2013,2/13/2013,5/20/2013,tape
16003,105,Winter-breeding,3,South central,7,2,February,7,A,2,M,2,1,,TX,Houston,77025,2/13/2013,2/13/2013,5/20/2013,tape
16004,105,Winter-breeding,3,South central,7,2,February,7,A,2,M,2,1,,TX,Houston,77025,2/15/2013,2/15/2013,5/20/2013,tape
16005,105,Winter-breeding,3,South central,7,2,February,7,A,2,M,2,1,,TX,Houston,77025,2/15/2013,2/15/2013,5/20/2013,tape
15993,105,Winter-breeding,3,South central,7,2,January,6,A,2,M,2,1,,TX,Houston,77025,1/21/2013,1/21/2013,5/20/2013,tape
15995,105,Winter-breeding,3,South central,7,2,January,6,A,2,M,2,1,,TX,Houston,77025,1/21/2013,1/21/2013,5/20/2013,tape
15996,105,Winter-breeding,3,South central,7,2,January,6,A,2,M,2,1,,TX,Houston,77025,1/21/2013,1/21/2013,5/20/2013,tape
15997,105,Winter-breeding,3,South central,7,2,January,6,A,2,M,2,1,,TX,Houston,77025,1/22/2013,1/22/2013,5/20/2013,tape
20205,105,Winter-breeding,3,South central,7,2,January,6,A,2,M,2,1,Dara Satterfield,TX,Houston,77017,1/24/2013,1/24/2013,2/27/2013,tape
20206,105,Winter-breeding,3,South central,7,2,January,6,A,2,M,2,1,Dara Satterfield,TX,Houston,77017,1/24/2013,1/24/2013,2/27/2013,tape
20209,105,Winter-breeding,3,South central,7,2,January,6,A,2,M,2,1,Dara Satterfield,TX,Houston,77017,1/24/2013,1/24/2013,2/27/2013,tape
20211,105,Winter-breeding,3,South central,7,2,January,6,A,2,M,2,1,Dara Satterfield,TX,Houston,77017,1/24/2013,1/24/2013,2/27/2013,tape
20212,105,Winter-breeding,3,South central,7,2,January,6,A,2,M,2,1,Dara Satterfield,TX,Houston,77017,1/24/2013,1/24/2013,2/27/2013,tape
20213,105,Winter-breeding,3,South central,7,2,January,6,A,2,M,2,1,Dara Satterfield,TX,Houston,77017,1/24/2013,1/24/2013,2/27/2013,tape
20214,105,Winter-breeding,3,South central,7,2,January,6,A,2,M,2,1,Dara Satterfield,TX,Houston,77017,1/24/2013,1/24/2013,2/27/2013,tape
20215,105,Winter-breeding,3,South central,7,2,January,6,A,2,M,2,1,Dara Satterfield,TX,Houston,77017,1/24/2013,1/24/2013,2/27/2013,tape
20217,105,Winter-breeding,3,South central,7,2,January,6,A,2,M,2,1,Dara Satterfield,TX,Houston,77017,1/24/2013,1/24/2013,2/27/2013,tape
20218,105,Winter-breeding,3,South central,7,2,January,6,A,2,M,2,1,Dara Satterfield,TX,Houston,77017,1/24/2013,1/24/2013,2/27/2013,tape
20219,105,Winter-breeding,3,South central,7,2,January,6,A,2,M,2,1,Dara Satterfield,TX,Houston,77017,1/24/2013,1/24/2013,2/27/2013,tape
20220,105,Winter-breeding,3,South central,7,2,January,6,A,2,M,2,1,Dara Satterfield,TX,Houston,77017,1/24/2013,1/24/2013,2/27/2013,tape
20221,105,Winter-breeding,3,South central,7,2,January,6,A,2,M,2,1,Dara Satterfield,TX,Houston,77017,1/24/2013,1/24/2013,2/27/2013,tape
20222,105,Winter-breeding,3,South central,7,2,January,6,A,2,M,2,1,Dara Satterfield,TX,Houston,77017,1/24/2013,1/24/2013,2/27/2013,tape
20021,107,Winter-breeding,3,South central,7,1,February,7,A,2,F,1,0,"Monique, Mary Kennedy and Dara Satterfield",TX,San Antonio,Riverwalk,2/10/2012,2/10/2012,,tape
20023,107,Winter-breeding,3,South central,7,1,February,7,A,2,F,1,0,"Monique, Mary Kennedy and Dara Satterfield",TX,San Antonio,Riverwalk,2/10/2012,2/10/2012,,tape
20026,107,Winter-breeding,3,South central,7,1,February,7,A,2,F,1,0,"Monique, Mary Kennedy and Dara Satterfield",TX,San Antonio,Riverwalk,2/10/2012,2/10/2012,,tape
20031,107,Winter-breeding,3,South central,7,1,February,7,A,2,F,1,0,"Monique, Mary Kennedy and Dara Satterfield",TX,San Antonio,Riverwalk,2/11/2012,2/11/2012,,tape
30011,107,Winter-breeding,3,South central,7,1,February,7,LP,1,F,1,0,MLMP VOLUNTEER,TX,San Antonio,78212,2/11/2012,2/11/2012,4/2/2012,tape
30013,107,Winter-breeding,3,South central,7,1,February,7,LP,1,F,1,0,MLMP VOLUNTEER,TX,San Antonio,78212,2/11/2012,2/11/2012,4/2/2012,tape
20020,107,Winter-breeding,3,South central,7,1,February,7,A,2,M,2,0,"Monique, Mary Kennedy and Dara Satterfield",TX,San Antonio,Riverwalk,2/10/2012,2/10/2012,,tape
20024,107,Winter-breeding,3,South central,7,1,February,7,A,2,M,2,0,"Monique, Mary Kennedy and Dara Satterfield",TX,San Antonio,Riverwalk,2/10/2012,2/10/2012,,tape
20025,107,Winter-breeding,3,South central,7,1,February,7,A,2,M,2,0,"Monique, Mary Kennedy and Dara Satterfield",TX,San Antonio,Riverwalk,2/10/2012,2/10/2012,,tape
20030,107,Winter-breeding,3,South central,7,1,February,7,A,2,M,2,0,"Monique, Mary Kennedy and Dara Satterfield",TX,San Antonio,Riverwalk,2/11/2012,2/11/2012,,tape
30012,107,Winter-breeding,3,South central,7,1,February,7,LP,1,M,2,0,MLMP VOLUNTEER,TX,San Antonio,78212,2/11/2012,2/11/2012,4/2/2012,tape
30001,107,Winter-breeding,3,South central,7,1,February,7,LP,1,,,0,MLMP VOLUNTEER,TX,San Antonio,78212,2/11/2012,2/11/2012,4/2/2012,tape
30002,107,Winter-breeding,3,South central,7,1,February,7,LP,1,,,0,MLMP VOLUNTEER,TX,San Antonio,78212,2/11/2012,2/11/2012,4/2/2012,tape
30003,107,Winter-breeding,3,South central,7,1,February,7,LP,1,,,0,MLMP VOLUNTEER,TX,San Antonio,78212,2/11/2012,2/11/2012,4/2/2012,tape
30004,107,Winter-breeding,3,South central,7,1,February,7,LP,1,,,0,MLMP VOLUNTEER,TX,San Antonio,78212,2/11/2012,2/11/2012,4/2/2012,tape
30005,107,Winter-breeding,3,South central,7,1,February,7,LP,1,,,0,MLMP VOLUNTEER,TX,San Antonio,78212,2/11/2012,2/11/2012,4/2/2012,tape
30006,107,Winter-breeding,3,South central,7,1,February,7,LP,1,,,0,MLMP VOLUNTEER,TX,San Antonio,78212,2/11/2012,2/11/2012,4/2/2012,tape
30007,107,Winter-breeding,3,South central,7,1,February,7,LP,1,,,0,MLMP VOLUNTEER,TX,San Antonio,78212,2/11/2012,2/11/2012,4/2/2012,tape
30008,107,Winter-breeding,3,South central,7,1,February,7,LP,1,,,0,MLMP VOLUNTEER,TX,San Antonio,78212,2/11/2012,2/11/2012,4/2/2012,tape
30009,107,Winter-breeding,3,South central,7,1,February,7,LP,1,,,0,MLMP VOLUNTEER,TX,San Antonio,78212,2/11/2012,2/11/2012,4/2/2012,tape
30010,107,Winter-breeding,3,South central,7,1,February,7,LP,1,,,0,MLMP VOLUNTEER,TX,San Antonio,78212,2/11/2012,2/11/2012,4/2/2012,tape
20022,107,Winter-breeding,3,South central,7,1,February,7,A,2,M,2,1,"Monique, Mary Kennedy and Dara Satterfield",TX,San Antonio,Riverwalk,2/10/2012,2/10/2012,,tape
20027,107,Winter-breeding,3,South central,7,1,February,7,A,2,M,2,1,"Monique, Mary Kennedy and Dara Satterfield",TX,San Antonio,Riverwalk,2/10/2012,2/10/2012,,tape
20189,107,Winter-breeding,3,South central,7,2,January,6,A,2,F,1,0,Dara Satterfield,TX,San Antonio,78205,1/22/2013,1/22/2013,2/27/2013,tape
16013,107,Winter-breeding,3,South central,7,2,February,7,A,2,M,2,0,"Mary Kennedy, Riverwalk Site",TX,San Antonio,78212,2/2/2013,2/18/2013,5/20/2013,tape
16014,107,Winter-breeding,3,South central,7,2,February,7,A,2,M,2,0,"Mary Kennedy, Riverwalk Site",TX,San Antonio,78212,1/19/2013,2/19/2013,5/20/2013,tape
20188,107,Winter-breeding,3,South central,7,2,January,6,A,2,M,2,0,Dara Satterfield,TX,San Antonio,78205,1/22/2013,1/22/2013,2/27/2013,tape
30433,108,Winter-breeding,3,South central,7,1,February,7,A,2,F,1,0,Robin Newberry,TX,Houston,77018,2/14/2012,2/14/2012,8/26/2012,tape
30434,108,Winter-breeding,3,South central,7,1,February,7,A,2,F,1,0,Robin Newberry,TX,Houston,77018,2/16/2012,2/16/2012,8/26/2012,tape
30435,108,Winter-breeding,3,South central,7,1,February,7,A,2,F,1,0,Robin Newberry,TX,Houston,77018,3/1/2012,3/1/2012,8/26/2012,tape
30436,108,Winter-breeding,3,South central,7,1,February,7,A,2,F,1,0,Robin Newberry,TX,Houston,77018,3/1/2012,3/1/2012,8/26/2012,tape
30510,109,Winter-breeding,3,South central,7,1,February,7,,,F,1,0,,TX,Houston,77080,2/23/2012,2/23/2012,8/28/2012,tape
30511,109,Winter-breeding,3,South central,7,1,February,7,,,M,2,0,Abraham Wilkins,TX,Houston,77080,2/23/2012,2/23/2012,8/28/2012,tape
30509,109,Winter-breeding,3,South central,7,1,February,7,,,F,1,1,,TX,Houston,77080,2/21/2012,2/21/2012,8/28/2012,tape
30360,112,Winter-breeding,3,South central,7,1,January,6,A,2,F,1,0,BALES INTERMEDIATE SCHOOL,TX,Friendswood,77456,1/21/2012,1/21/2012,8/26/2012,tape
30359,112,Winter-breeding,3,South central,7,1,January,6,A,2,M,2,0,BALES INTERMEDIATE SCHOOL,TX,Friendswood,77456,1/21/2012,1/21/2012,8/26/2012,tape
15729,113,Winter-breeding,3,South central,7,2,December,5,A,2,F,1,1,,TX,Houston,77019,12/1/2012,12/4/2012,4/5/2013,tape
15732,113,Winter-breeding,3,South central,7,2,December,5,LP,1,F,1,1,,TX,Houston,77019,12/1/2012,12/22/2012,4/5/2013,tape
15728,113,Winter-breeding,3,South central,7,2,December,5,A,2,M,2,1,,TX,Houston,77019,12/1/2012,12/1/2012,4/5/2013,tape
15730,113,Winter-breeding,3,South central,7,2,December,5,LP,1,M,2,1,,TX,Houston,77019,12/1/2012,12/15/2012,4/5/2013,tape
15731,113,Winter-breeding,3,South central,7,2,December,5,LP,1,M,2,1,,TX,Houston,77019,12/1/2012,12/16/2012,4/5/2013,tape
30458,115,Winter-breeding,3,South central,7,1,February,7,A,2,F,1,0,TEXAS MASTER NATURALIST,TX,League City,77573,2/12/2012,2/12/2012,8/29/2012,tape
30460,115,Winter-breeding,3,South central,7,1,February,7,A,2,F,1,0,TEXAS MASTER NATURALIST,TX,League City,77573,2/23/2012,2/23/2012,8/29/2012,tape
30450,115,Winter-breeding,3,South central,7,1,January,6,A,2,F,1,0,TEXAS MASTER NATURALIST,TX,League City,77573,1/7/2012,1/7/2012,8/29/2012,tape
30453,115,Winter-breeding,3,South central,7,1,January,6,A,2,F,1,0,TEXAS MASTER NATURALIST,TX,League City,77573,1/27/2012,1/27/2012,8/29/2012,tape
30454,115,Winter-breeding,3,South central,7,1,January,6,A,2,M,2,0,TEXAS MASTER NATURALIST,TX,League City,77573,1/29/2012,1/29/2012,8/29/2012,tape
30456,115,Winter-breeding,3,South central,7,1,January,6,A,2,M,2,0,TEXAS MASTER NATURALIST,TX,League City,77573,1/30/2012,1/30/2012,8/29/2012,tape
30457,115,Winter-breeding,3,South central,7,1,January,6,A,2,M,2,0,TEXAS MASTER NATURALIST,TX,League City,77573,1/30/2012,1/30/2012,8/29/2012,tape
30459,115,Winter-breeding,3,South central,7,1,February,7,A,2,F,1,1,TEXAS MASTER NATURALIST,TX,League City,77573,2/12/2012,2/12/2012,8/29/2012,tape
30449,115,Winter-breeding,3,South central,7,1,January,6,A,2,F,1,1,TEXAS MASTER NATURALIST,TX,League City,77573,1/5/2012,1/5/2012,8/29/2012,tape
30451,115,Winter-breeding,3,South central,7,1,January,6,A,2,F,1,1,TEXAS MASTER NATURALIST,TX,League City,77573,1/23/2012,1/23/2012,8/29/2012,tape
30452,115,Winter-breeding,3,South central,7,1,January,6,A,2,F,1,1,TEXAS MASTER NATURALIST,TX,League City,77573,1/26/2012,1/26/2012,8/29/2012,tape
30455,115,Winter-breeding,3,South central,7,1,January,6,A,2,,,1,TEXAS MASTER NATURALIST,TX,League City,77573,1/29/2012,1/29/2012,8/29/2012,tape
15683,115,Winter-breeding,3,South central,7,2,January,6,LP,1,M,2,0,TEXAS MASTER NATURALIST,TX,League City,77573,1/7/2013,1/7/2013,4/4/2013,tape
30099,116,Winter-breeding,3,South central,7,1,December,5,A,2,F,1,1,BUCHANAN COUNTY CONSERVATION BOARD,LA,Kenner,70062,12/3/2011,12/3/2011,3/7/2012,tape
30103,116,Winter-breeding,3,South central,7,1,December,5,A,2,F,1,1,BUCHANAN COUNTY CONSERVATION BOARD,LA,Kenner,70062,12/14/2011,12/14/2011,3/7/2012,tape
30105,116,Winter-breeding,3,South central,7,1,December,5,A,2,F,1,1,BUCHANAN COUNTY CONSERVATION BOARD,LA,Kenner,70062,12/29/2011,12/29/2011,3/7/2012,tape
30111,116,Winter-breeding,3,South central,7,1,February,7,A,2,F,1,1,BUCHANAN COUNTY CONSERVATION BOARD,LA,Kenner,70062,2/23/2012,2/23/2012,3/7/2012,tape
30112,116,Winter-breeding,3,South central,7,1,February,7,A,2,F,1,1,BUCHANAN COUNTY CONSERVATION BOARD,LA,Kenner,70062,2/23/2012,2/23/2012,3/7/2012,tape
30107,116,Winter-breeding,3,South central,7,1,January,6,A,2,F,1,1,BUCHANAN COUNTY CONSERVATION BOARD,LA,Kenner,70062,1/20/2012,1/20/2012,3/7/2012,tape
30100,116,Winter-breeding,3,South central,7,1,December,5,A,2,M,2,1,BUCHANAN COUNTY CONSERVATION BOARD,LA,Kenner,70062,12/3/2011,12/3/2011,3/7/2012,tape
30101,116,Winter-breeding,3,South central,7,1,December,5,A,2,M,2,1,BUCHANAN COUNTY CONSERVATION BOARD,LA,Kenner,70062,12/12/2011,12/12/2011,3/7/2012,tape
30102,116,Winter-breeding,3,South central,7,1,December,5,A,2,M,2,1,BUCHANAN COUNTY CONSERVATION BOARD,LA,Kenner,70062,12/13/2011,12/13/2011,3/7/2012,tape
30104,116,Winter-breeding,3,South central,7,1,December,5,A,2,M,2,1,BUCHANAN COUNTY CONSERVATION BOARD,LA,Kenner,70062,12/15/2011,12/15/2011,3/7/2012,tape
30106,116,Winter-breeding,3,South central,7,1,December,5,A,2,M,2,1,BUCHANAN COUNTY CONSERVATION BOARD,LA,Kenner,70062,12/29/2011,12/29/2011,3/7/2012,tape
30108,116,Winter-breeding,3,South central,7,1,February,7,A,2,M,2,1,BUCHANAN COUNTY CONSERVATION BOARD,LA,Kenner,70062,2/18/2012,2/18/2012,3/7/2012,tape
30109,116,Winter-breeding,3,South central,7,1,February,7,A,2,M,2,1,BUCHANAN COUNTY CONSERVATION BOARD,LA,Kenner,70062,2/19/2012,2/19/2012,3/7/2012,tape
30110,116,Winter-breeding,3,South central,7,1,February,7,A,2,M,2,1,BUCHANAN COUNTY CONSERVATION BOARD,LA,Kenner,70062,2/20/2012,2/20/2012,3/7/2012,tape
30113,116,Winter-breeding,3,South central,7,1,February,7,A,2,M,2,1,BUCHANAN COUNTY CONSERVATION BOARD,LA,Kenner,70062,2/23/2012,2/23/2012,3/7/2012,tape
30114,116,Winter-breeding,3,South central,7,1,February,7,A,2,M,2,1,BUCHANAN COUNTY CONSERVATION BOARD,LA,Kenner,70062,2/23/2012,2/23/2012,3/7/2012,tape
30071,118,Winter-breeding,3,South central,7,1,December,5,A,2,F,1,0,TEXAS MASTER NATURALIST,TX,Hitchcock,77563,12/16/2011,12/16/2011,3/7/2012,tape
30074,118,Winter-breeding,3,South central,7,1,December,5,A,2,F,1,0,TEXAS MASTER NATURALIST,TX,Hitchcock,77563,12/22/2011,12/22/2011,3/7/2012,tape
30077,118,Winter-breeding,3,South central,7,1,December,5,A,2,F,1,0,TEXAS MASTER NATURALIST,TX,Hitchcock,77563,12/27/2011,12/27/2011,3/7/2012,tape
30096,118,Winter-breeding,3,South central,7,1,February,7,A,2,F,1,0,TEXAS MASTER NATURALIST,TX,Hitchcock,77563,2/14/2012,2/14/2012,3/7/2012,tape
30097,118,Winter-breeding,3,South central,7,1,February,7,A,2,F,1,0,TEXAS MASTER NATURALIST,TX,Hitchcock,77563,2/20/2012,2/20/2012,3/7/2012,tape
30094,118,Winter-breeding,3,South central,7,1,January,6,A,2,F,1,0,TEXAS MASTER NATURALIST,TX,Hitchcock,77563,1/11/2012,1/11/2012,3/7/2012,tape
30098,118,Winter-breeding,3,South central,7,1,February,7,,,F,1,0,TEXAS MASTER NATURALIST,TX,Hitchcock,77563,2/21/2012,2/21/2012,3/7/2012,tape
30075,118,Winter-breeding,3,South central,7,1,December,5,A,2,M,2,0,TEXAS MASTER NATURALIST,TX,Hitchcock,77563,12/23/2011,12/23/2011,3/7/2012,tape
30076,118,Winter-breeding,3,South central,7,1,December,5,A,2,M,2,0,TEXAS MASTER NATURALIST,TX,Hitchcock,77563,12/27/2011,12/27/2011,3/7/2012,tape
30095,118,Winter-breeding,3,South central,7,1,February,7,A,2,M,2,0,TEXAS MASTER NATURALIST,TX,Hitchcock,77563,2/14/2012,2/14/2012,3/7/2012,tape
30082,118,Winter-breeding,3,South central,7,1,January,6,A,2,M,2,0,TEXAS MASTER NATURALIST,TX,Hitchcock,77563,1/4/2012,1/4/2012,3/7/2012,tape
30086,118,Winter-breeding,3,South central,7,1,January,6,A,2,M,2,0,TEXAS MASTER NATURALIST,TX,Hitchcock,77563,1/5/2012,1/5/2012,3/7/2012,tape
30088,118,Winter-breeding,3,South central,7,1,January,6,A,2,M,2,0,Jeannette Ulrich,TX,Hitchcock,77563,1/11/2012,1/11/2012,3/7/2012,tape
30090,118,Winter-breeding,3,South central,7,1,January,6,A,2,M,2,0,TEXAS MASTER NATURALIST,TX,Hitchcock,77563,1/11/2012,1/11/2012,3/7/2012,tape
30091,118,Winter-breeding,3,South central,7,1,January,6,A,2,M,2,0,TEXAS MASTER NATURALIST,TX,Hitchcock,77563,1/11/2012,1/11/2012,3/7/2012,tape
30093,118,Winter-breeding,3,South central,7,1,January,6,A,2,M,2,0,TEXAS MASTER NATURALIST,TX,Hitchcock,77563,1/11/2012,1/11/2012,3/7/2012,tape
30084,118,Winter-breeding,3,South central,7,1,January,6,,,M,2,0,TEXAS MASTER NATURALIST,TX,Hitchcock,77563,1/4/2012,1/4/2012,3/7/2012,tape
30085,118,Winter-breeding,3,South central,7,1,January,6,,,M,2,0,TEXAS MASTER NATURALIST,TX,Hitchcock,77563,1/4/2012,1/4/2012,3/7/2012,tape
30089,118,Winter-breeding,3,South central,7,1,January,6,,,M,2,0,Jeannette Ulrich,TX,Hitchcock,77563,1/11/2012,1/11/2012,3/7/2012,tape
30092,118,Winter-breeding,3,South central,7,1,January,6,,,M,2,0,TEXAS MASTER NATURALIST,TX,Hitchcock,77563,1/11/2012,1/11/2012,3/7/2012,tape
30072,118,Winter-breeding,3,South central,7,1,December,5,A,2,F,1,1,TEXAS MASTER NATURALIST,TX,Hitchcock,77563,12/21/2011,12/21/2011,3/7/2012,tape
30073,118,Winter-breeding,3,South central,7,1,December,5,A,2,F,1,1,TEXAS MASTER NATURALIST,TX,Hitchcock,77563,12/21/2011,12/21/2011,3/7/2012,tape
30087,118,Winter-breeding,3,South central,7,1,January,6,A,2,F,1,1,TEXAS MASTER NATURALIST,TX,Hitchcock,77563,1/5/2012,1/5/2012,3/7/2012,tape
30078,118,Winter-breeding,3,South central,7,1,December,5,A,2,M,2,1,TEXAS MASTER NATURALIST,TX,Hitchcock,77563,12/27/2011,12/27/2011,3/7/2012,tape
30079,118,Winter-breeding,3,South central,7,1,December,5,A,2,M,2,1,TEXAS MASTER NATURALIST,TX,Hitchcock,77563,12/29/2011,12/29/2011,3/7/2012,tape
30080,118,Winter-breeding,3,South central,7,1,December,5,A,2,M,2,1,TEXAS MASTER NATURALIST,TX,Hitchcock,77563,12/29/2011,12/29/2011,3/7/2012,tape
30081,118,Winter-breeding,3,South central,7,1,December,5,A,2,M,2,1,TEXAS MASTER NATURALIST,TX,Hitchcock,77563,12/29/2011,12/29/2011,3/7/2012,tape
30083,118,Winter-breeding,3,South central,7,1,January,6,A,2,M,2,1,TEXAS MASTER NATURALIST,TX,Hitchcock,77563,1/4/2012,1/4/2012,3/7/2012,tape
20039,119,Winter-breeding,3,South central,7,1,February,7,A,2,F,1,0,Dara Satterfield,TX,"Galveston, TX",Moody Gardens,2/14/2012,2/15/2012,,tape
20035,119,Winter-breeding,3,South central,7,1,February,7,A,2,M,2,0,Dara Satterfield,TX,"Galveston, TX",Moody Gardens,2/14/2012,2/14/2012,,tape
20036,119,Winter-breeding,3,South central,7,1,February,7,A,2,M,2,0,Dara Satterfield,TX,"Galveston, TX",Moody Gardens,2/14/2012,2/14/2012,,tape
20040,119,Winter-breeding,3,South central,7,1,February,7,A,2,M,2,0,Dara Satterfield,TX,"Galveston, TX",Moody Gardens,2/14/2012,2/15/2012,,tape
20044,119,Winter-breeding,3,South central,7,1,February,7,A,2,M,2,0,Dara Satterfield,TX,"Galveston, TX",Moody Gardens,2/14/2012,2/15/2012,,tape
20045,119,Winter-breeding,3,South central,7,1,February,7,A,2,M,2,0,Dara Satterfield,TX,"Galveston, TX",Moody Gardens,2/14/2012,2/15/2012,,tape
20046,119,Winter-breeding,3,South central,7,1,February,7,A,2,M,2,0,Dara Satterfield,TX,"Galveston, TX",Moody Gardens,2/14/2012,2/15/2012,,tape
20050,119,Winter-breeding,3,South central,7,1,February,7,A,2,M,2,0,Dara Satterfield,TX,"Galveston, TX",Moody Gardens,2/14/2012,2/15/2012,,tape
20037,119,Winter-breeding,3,South central,7,1,February,7,A,2,M,2,1,Dara Satterfield,TX,"Galveston, TX",Moody Gardens,2/14/2012,2/14/2012,,tape
20038,119,Winter-breeding,3,South central,7,1,February,7,A,2,M,2,1,Dara Satterfield,TX,"Galveston, TX",Moody Gardens,2/14/2012,2/15/2012,,tape
20041,119,Winter-breeding,3,South central,7,1,February,7,A,2,M,2,1,Dara Satterfield,TX,"Galveston, TX",Moody Gardens,2/14/2012,2/15/2012,,tape
20042,119,Winter-breeding,3,South central,7,1,February,7,A,2,M,2,1,Dara Satterfield,TX,"Galveston, TX",Moody Gardens,2/14/2012,2/15/2012,,tape
20043,119,Winter-breeding,3,South central,7,1,February,7,A,2,M,2,1,Dara Satterfield,TX,"Galveston, TX",Moody Gardens,2/14/2012,2/15/2012,,tape
20047,119,Winter-breeding,3,South central,7,1,February,7,A,2,M,2,1,Dara Satterfield,TX,"Galveston, TX",Moody Gardens,2/14/2012,2/15/2012,,tape
20048,119,Winter-breeding,3,South central,7,1,February,7,A,2,M,2,1,Dara Satterfield,TX,"Galveston, TX",Moody Gardens,2/14/2012,2/15/2012,,tape
20049,119,Winter-breeding,3,South central,7,1,February,7,A,2,M,2,1,Dara Satterfield,TX,"Galveston, TX",Moody Gardens,2/14/2012,2/15/2012,,tape
20228,119,Winter-breeding,3,South central,7,2,January,6,A,2,F,1,0,Dara Satterfield,TX,Galveston,77554,1/25/2013,1/25/2013,2/27/2013,tape
20227,119,Winter-breeding,3,South central,7,2,January,6,A,2,M,2,0,Dara Satterfield,TX,Galveston,77554,1/25/2013,1/25/2013,2/27/2013,tape
20230,119,Winter-breeding,3,South central,7,2,January,6,A,2,M,2,0,Dara Satterfield,TX,Galveston,77554,1/25/2013,1/25/2013,2/27/2013,tape
20229,119,Winter-breeding,3,South central,7,2,January,6,A,2,M,2,1,Dara Satterfield,TX,Galveston,77554,1/25/2013,1/25/2013,2/27/2013,tape
20231,119,Winter-breeding,3,South central,7,2,January,6,A,2,M,2,1,Dara Satterfield,TX,Galveston,77554,1/25/2013,1/25/2013,2/27/2013,tape
30196,120,Winter-breeding,3,South central,7,1,December,5,A,2,F,1,0,TEXAS MASTER NATURALIST,TX,Seabrook,77586,12/2/2011,12/2/2011,8/29/2012,tape
30200,120,Winter-breeding,3,South central,7,1,December,5,A,2,F,1,0,TEXAS MASTER NATURALIST,TX,Seabrook,77586,12/7/2011,12/7/2011,8/29/2012,tape
30201,120,Winter-breeding,3,South central,7,1,December,5,A,2,F,1,0,TEXAS MASTER NATURALIST,TX,Seabrook,77586,12/8/2011,12/8/2011,8/29/2012,tape
30202,120,Winter-breeding,3,South central,7,1,December,5,A,2,F,1,0,TEXAS MASTER NATURALIST,TX,Seabrook,77586,12/8/2011,12/8/2011,8/29/2012,tape
30223,120,Winter-breeding,3,South central,7,1,December,5,A,2,F,1,0,TEXAS MASTER NATURALIST,TX,Seabrook,77586,12/27/2011,12/27/2011,8/29/2012,tape
30224,120,Winter-breeding,3,South central,7,1,December,5,A,2,F,1,0,TEXAS MASTER NATURALIST,TX,Seabrook,77586,12/27/2011,12/27/2011,8/29/2012,tape
30226,120,Winter-breeding,3,South central,7,1,December,5,A,2,F,1,0,TEXAS MASTER NATURALIST,TX,Seabrook,77586,12/31/2011,12/31/2011,8/29/2012,tape
30270,120,Winter-breeding,3,South central,7,1,February,7,A,2,F,1,0,TEXAS MASTER NATURALIST,TX,Seabrook,77586,2/1/2012,2/1/2012,8/29/2012,tape
20034,120,Winter-breeding,3,South central,7,1,February,7,A,2,F,1,0,Dara Satterfield,TX,Seabrook,Victor Madamba's house,2/12/2012,2/14/2012,,tape
30275,120,Winter-breeding,3,South central,7,1,February,7,A,2,F,1,0,TEXAS MASTER NATURALIST,TX,Seabrook,77586,2/16/2012,2/16/2012,8/29/2012,tape
30283,120,Winter-breeding,3,South central,7,1,February,7,A,2,F,1,0,TEXAS MASTER NATURALIST,TX,Seabrook,77586,2/19/2012,2/19/2012,8/29/2012,tape
30294,120,Winter-breeding,3,South central,7,1,February,7,A,2,F,1,0,TEXAS MASTER NATURALIST,TX,Seabrook,77586,2/29/2012,2/29/2012,8/29/2012,tape
30233,120,Winter-breeding,3,South central,7,1,January,6,A,2,F,1,0,TEXAS MASTER NATURALIST,TX,Seabrook,77586,1/5/2012,1/5/2012,8/29/2012,tape
30234,120,Winter-breeding,3,South central,7,1,January,6,A,2,F,1,0,TEXAS MASTER NATURALIST,TX,Seabrook,77586,1/5/2012,1/5/2012,8/29/2012,tape
30236,120,Winter-breeding,3,South central,7,1,January,6,A,2,F,1,0,TEXAS MASTER NATURALIST,TX,Seabrook,77586,1/7/2012,1/7/2012,8/29/2012,tape
30242,120,Winter-breeding,3,South central,7,1,January,6,A,2,F,1,0,TEXAS MASTER NATURALIST,TX,Seabrook,77586,1/14/2012,1/14/2012,8/29/2012,tape
30247,120,Winter-breeding,3,South central,7,1,January,6,A,2,F,1,0,TEXAS MASTER NATURALIST,TX,Seabrook,77586,1/17/2012,1/17/2012,8/29/2012,tape
30249,120,Winter-breeding,3,South central,7,1,January,6,A,2,F,1,0,TEXAS MASTER NATURALIST,TX,Seabrook,77586,1/17/2012,1/17/2012,8/29/2012,tape
30255,120,Winter-breeding,3,South central,7,1,January,6,A,2,F,1,0,TEXAS MASTER NATURALIST,TX,Seabrook,77586,1/22/2012,1/22/2012,8/29/2012,tape
30257,120,Winter-breeding,3,South central,7,1,January,6,A,2,F,1,0,TEXAS MASTER NATURALIST,TX,Seabrook,77586,1/23/2012,1/23/2012,8/29/2012,tape
30258,120,Winter-breeding,3,South central,7,1,January,6,A,2,F,1,0,TEXAS MASTER NATURALIST,TX,Seabrook,77586,1/23/2012,1/23/2012,8/29/2012,tape
30261,120,Winter-breeding,3,South central,7,1,January,6,A,2,F,1,0,TEXAS MASTER NATURALIST,TX,Seabrook,77586,1/27/2012,1/27/2012,8/29/2012,tape
30265,120,Winter-breeding,3,South central,7,1,January,6,A,2,F,1,0,TEXAS MASTER NATURALIST,TX,Seabrook,77586,1/30/2012,1/30/2012,8/29/2012,tape
30266,120,Winter-breeding,3,South central,7,1,January,6,A,2,F,1,0,TEXAS MASTER NATURALIST,TX,Seabrook,77586,1/31/2012,1/31/2012,8/29/2012,tape
30193,120,Winter-breeding,3,South central,7,1,December,5,A,2,M,2,0,TEXAS MASTER NATURALIST,TX,Seabrook,77586,12/1/2011,12/1/2011,8/29/2012,tape
30198,120,Winter-breeding,3,South central,7,1,December,5,A,2,M,2,0,TEXAS MASTER NATURALIST,TX,Seabrook,77586,12/7/2011,12/7/2011,8/29/2012,tape
30204,120,Winter-breeding,3,South central,7,1,December,5,A,2,M,2,0,TEXAS MASTER NATURALIST,TX,Seabrook,77586,12/10/2011,12/10/2011,8/29/2012,tape
30205,120,Winter-breeding,3,South central,7,1,December,5,A,2,M,2,0,TEXAS MASTER NATURALIST,TX,Seabrook,77586,12/11/2011,12/11/2011,8/29/2012,tape
30206,120,Winter-breeding,3,South central,7,1,December,5,A,2,M,2,0,TEXAS MASTER NATURALIST,TX,Seabrook,77586,12/12/2011,12/12/2011,8/29/2012,tape
30207,120,Winter-breeding,3,South central,7,1,December,5,A,2,M,2,0,TEXAS MASTER NATURALIST,TX,Seabrook,77586,12/14/2011,12/14/2011,8/29/2012,tape
30209,120,Winter-breeding,3,South central,7,1,December,5,A,2,M,2,0,TEXAS MASTER NATURALIST,TX,Seabrook,77586,12/17/2011,12/17/2011,8/29/2012,tape
30212,120,Winter-breeding,3,South central,7,1,December,5,A,2,M,2,0,TEXAS MASTER NATURALIST,TX,Seabrook,77586,12/19/2011,12/19/2011,8/29/2012,tape
20032,120,Winter-breeding,3,South central,7,1,February,7,A,2,M,2,0,Dara Satterfield,TX,Seabrook,Linda Garedin's house,2/12/2012,2/14/2012,,tape
30274,120,Winter-breeding,3,South central,7,1,February,7,A,2,M,2,0,TEXAS MASTER NATURALIST,TX,Seabrook,77586,2/16/2012,2/16/2012,8/29/2012,tape
30229,120,Winter-breeding,3,South central,7,1,January,6,A,2,M,2,0,TEXAS MASTER NATURALIST,TX,Seabrook,77586,1/2/2012,1/2/2012,8/29/2012,tape
30231,120,Winter-breeding,3,South central,7,1,January,6,A,2,M,2,0,TEXAS MASTER NATURALIST,TX,Seabrook,77586,1/4/2012,1/4/2012,8/29/2012,tape
30232,120,Winter-breeding,3,South central,7,1,January,6,A,2,M,2,0,TEXAS MASTER NATURALIST,TX,Seabrook,77586,1/5/2012,1/5/2012,8/29/2012,tape
30240,120,Winter-breeding,3,South central,7,1,January,6,A,2,M,2,0,TEXAS MASTER NATURALIST,TX,Seabrook,77586,1/11/2012,1/11/2012,8/29/2012,tape
30241,120,Winter-breeding,3,South central,7,1,January,6,A,2,M,2,0,TEXAS MASTER NATURALIST,TX,Seabrook,77586,1/11/2012,1/11/2012,8/29/2012,tape
30245,120,Winter-breeding,3,South central,7,1,January,6,A,2,M,2,0,TEXAS MASTER NATURALIST,TX,Seabrook,77586,1/14/2012,1/14/2012,8/29/2012,tape
30248,120,Winter-breeding,3,South central,7,1,January,6,A,2,M,2,0,TEXAS MASTER NATURALIST,TX,Seabrook,77586,1/17/2012,1/17/2012,8/29/2012,tape
30250,120,Winter-breeding,3,South central,7,1,January,6,A,2,M,2,0,TEXAS MASTER NATURALIST,TX,Seabrook,77586,1/19/2012,1/19/2012,8/29/2012,tape
30254,120,Winter-breeding,3,South central,7,1,January,6,A,2,M,2,0,TEXAS MASTER NATURALIST,TX,Seabrook,77586,1/21/2012,1/21/2012,8/29/2012,tape
30259,120,Winter-breeding,3,South central,7,1,January,6,A,2,M,2,0,TEXAS MASTER NATURALIST,TX,Seabrook,77586,1/23/2012,1/23/2012,8/29/2012,tape
20118,120,Winter-breeding,3,South central,7,1,February,7,LP,1,M,2,0,Dara Satterfield,TX,Seabrook,Julie's yard in Seabrook,2/13/2012,2/27/2012,,tape
20119,120,Winter-breeding,3,South central,7,1,February,7,LP,1,M,2,0,Dara Satterfield,TX,Seabrook,Julie's yard in Seabrook,2/13/2012,2/28/2012,,tape
30203,120,Winter-breeding,3,South central,7,1,December,5,A,2,F,1,1,TEXAS MASTER NATURALIST,TX,Seabrook,77586,12/10/2011,12/10/2011,3/1/2012,tape
30211,120,Winter-breeding,3,South central,7,1,December,5,A,2,F,1,1,TEXAS MASTER NATURALIST,TX,Seabrook,77586,12/19/2011,12/19/2011,3/1/2012,tape
30216,120,Winter-breeding,3,South central,7,1,December,5,A,2,F,1,1,TEXAS MASTER NATURALIST,TX,Seabrook,77586,12/21/2011,12/21/2011,3/1/2012,tape
30218,120,Winter-breeding,3,South central,7,1,December,5,A,2,F,1,1,TEXAS MASTER NATURALIST,TX,Seabrook,77586,12/23/2011,12/23/2011,3/1/2012,tape
30219,120,Winter-breeding,3,South central,7,1,December,5,A,2,F,1,1,TEXAS MASTER NATURALIST,TX,Seabrook,77586,12/25/2011,12/25/2011,3/1/2012,tape
30221,120,Winter-breeding,3,South central,7,1,December,5,A,2,F,1,1,TEXAS MASTER NATURALIST,TX,Seabrook,77586,12/25/2011,12/25/2011,3/1/2012,tape
30269,120,Winter-breeding,3,South central,7,1,February,7,A,2,F,1,1,TEXAS MASTER NATURALIST,TX,Seabrook,77586,2/1/2012,2/1/2012,3/1/2012,tape
30272,120,Winter-breeding,3,South central,7,1,February,7,A,2,F,1,1,TEXAS MASTER NATURALIST,TX,Seabrook,77586,2/2/2012,2/2/2012,3/1/2012,tape
30273,120,Winter-breeding,3,South central,7,1,February,7,A,2,F,1,1,TEXAS MASTER NATURALIST,TX,Seabrook,77586,2/6/2012,2/6/2012,3/1/2012,tape
30277,120,Winter-breeding,3,South central,7,1,February,7,A,2,F,1,1,TEXAS MASTER NATURALIST,TX,Seabrook,77586,2/18/2012,2/18/2012,3/1/2012,tape
30278,120,Winter-breeding,3,South central,7,1,February,7,A,2,F,1,1,TEXAS MASTER NATURALIST,TX,Seabrook,77586,2/18/2012,2/18/2012,3/1/2012,tape
30282,120,Winter-breeding,3,South central,7,1,February,7,A,2,F,1,1,TEXAS MASTER NATURALIST,TX,Seabrook,77586,2/19/2012,2/19/2012,3/1/2012,tape
30284,120,Winter-breeding,3,South central,7,1,February,7,A,2,F,1,1,TEXAS MASTER NATURALIST,TX,Seabrook,77586,2/19/2012,2/19/2012,8/29/2012,tape
30286,120,Winter-breeding,3,South central,7,1,February,7,A,2,F,1,1,TEXAS MASTER NATURALIST,TX,Seabrook,77586,2/20/2012,2/20/2012,3/1/2012,tape
30287,120,Winter-breeding,3,South central,7,1,February,7,A,2,F,1,1,TEXAS MASTER NATURALIST,TX,Seabrook,77586,2/21/2012,2/21/2012,3/1/2012,tape
30290,120,Winter-breeding,3,South central,7,1,February,7,A,2,F,1,1,TEXAS MASTER NATURALIST,TX,Seabrook,77586,2/22/2012,2/22/2012,3/1/2012,tape
30291,120,Winter-breeding,3,South central,7,1,February,7,A,2,F,1,1,TEXAS MASTER NATURALIST,TX,Seabrook,77586,2/24/2012,2/24/2012,3/1/2012,tape
30228,120,Winter-breeding,3,South central,7,1,January,6,A,2,F,1,1,TEXAS MASTER NATURALIST,TX,Seabrook,77586,1/2/2012,1/2/2012,3/1/2012,tape
30235,120,Winter-breeding,3,South central,7,1,January,6,A,2,F,1,1,TEXAS MASTER NATURALIST,TX,Seabrook,77586,1/7/2012,1/7/2012,3/1/2012,tape
30238,120,Winter-breeding,3,South central,7,1,January,6,A,2,F,1,1,TEXAS MASTER NATURALIST,TX,Seabrook,77586,1/9/2012,1/9/2012,3/1/2012,tape
30244,120,Winter-breeding,3,South central,7,1,January,6,A,2,F,1,1,TEXAS MASTER NATURALIST,TX,Seabrook,77586,1/14/2012,1/14/2012,3/1/2012,tape
30251,120,Winter-breeding,3,South central,7,1,January,6,A,2,F,1,1,TEXAS MASTER NATURALIST,TX,Seabrook,77586,1/21/2012,1/21/2012,3/1/2012,tape
30262,120,Winter-breeding,3,South central,7,1,January,6,A,2,F,1,1,TEXAS MASTER NATURALIST,TX,Seabrook,77586,1/28/2012,1/28/2012,8/29/2012,tape
30263,120,Winter-breeding,3,South central,7,1,January,6,A,2,F,1,1,TEXAS MASTER NATURALIST,TX,Seabrook,77586,1/28/2012,1/28/2012,3/1/2012,tape
30264,120,Winter-breeding,3,South central,7,1,January,6,A,2,F,1,1,TEXAS MASTER NATURALIST,TX,Seabrook,77586,1/30/2012,1/30/2012,3/1/2012,tape
30194,120,Winter-breeding,3,South central,7,1,December,5,A,2,M,2,1,TEXAS MASTER NATURALIST,TX,Seabrook,77586,12/1/2011,12/1/2011,8/29/2012,tape
30195,120,Winter-breeding,3,South central,7,1,December,5,A,2,M,2,1,TEXAS MASTER NATURALIST,TX,Seabrook,77586,12/1/2011,12/1/2011,3/1/2012,tape
30197,120,Winter-breeding,3,South central,7,1,December,5,A,2,M,2,1,TEXAS MASTER NATURALIST,TX,Seabrook,77586,12/4/2011,12/4/2011,3/1/2012,tape
30199,120,Winter-breeding,3,South central,7,1,December,5,A,2,M,2,1,TEXAS MASTER NATURALIST,TX,Seabrook,77586,12/7/2011,12/7/2011,3/1/2012,tape
30208,120,Winter-breeding,3,South central,7,1,December,5,A,2,M,2,1,TEXAS MASTER NATURALIST,TX,Seabrook,77586,12/14/2011,12/14/2011,3/1/2012,tape
30210,120,Winter-breeding,3,South central,7,1,December,5,A,2,M,2,1,TEXAS MASTER NATURALIST,TX,Seabrook,77586,12/19/2011,12/19/2011,3/1/2012,tape
30213,120,Winter-breeding,3,South central,7,1,December,5,A,2,M,2,1,TEXAS MASTER NATURALIST,TX,Seabrook,77586,12/20/2011,12/20/2011,3/1/2012,tape
30215,120,Winter-breeding,3,South central,7,1,December,5,A,2,M,2,1,TEXAS MASTER NATURALIST,TX,Seabrook,77586,12/21/2011,12/21/2011,3/1/2012,tape
30217,120,Winter-breeding,3,South central,7,1,December,5,A,2,M,2,1,TEXAS MASTER NATURALIST,TX,Seabrook,77586,12/23/2011,12/23/2011,3/1/2012,tape
30220,120,Winter-breeding,3,South central,7,1,December,5,A,2,M,2,1,TEXAS MASTER NATURALIST,TX,Seabrook,77586,12/25/2011,12/25/2011,3/1/2012,tape
30225,120,Winter-breeding,3,South central,7,1,December,5,A,2,M,2,1,TEXAS MASTER NATURALIST,TX,Seabrook,77586,12/28/2011,12/28/2011,3/1/2012,tape
30268,120,Winter-breeding,3,South central,7,1,February,7,A,2,M,2,1,TEXAS MASTER NATURALIST,TX,Seabrook,77586,2/1/2012,2/1/2012,3/1/2012,tape
30271,120,Winter-breeding,3,South central,7,1,February,7,A,2,M,2,1,TEXAS MASTER NATURALIST,TX,Seabrook,77586,2/2/2012,2/2/2012,3/1/2012,tape
30276,120,Winter-breeding,3,South central,7,1,February,7,A,2,M,2,1,TEXAS MASTER NATURALIST,TX,Seabrook,77586,2/17/2012,2/17/2012,3/1/2012,tape
30279,120,Winter-breeding,3,South central,7,1,February,7,A,2,M,2,1,TEXAS MASTER NATURALIST,TX,Seabrook,77586,2/18/2012,2/18/2012,3/1/2012,tape
30280,120,Winter-breeding,3,South central,7,1,February,7,A,2,M,2,1,TEXAS MASTER NATURALIST,TX,Seabrook,77586,2/19/2012,2/19/2012,3/1/2012,tape
30281,120,Winter-breeding,3,South central,7,1,February,7,A,2,M,2,1,TEXAS MASTER NATURALIST,TX,Seabrook,77586,2/19/2012,2/19/2012,3/1/2012,tape
30285,120,Winter-breeding,3,South central,7,1,February,7,A,2,M,2,1,TEXAS MASTER NATURALIST,TX,Seabrook,77586,2/20/2012,2/20/2012,3/1/2012,tape
30288,120,Winter-breeding,3,South central,7,1,February,7,A,2,M,2,1,TEXAS MASTER NATURALIST,TX,Seabrook,77586,2/22/2012,2/22/2012,3/1/2012,tape
30289,120,Winter-breeding,3,South central,7,1,February,7,A,2,M,2,1,TEXAS MASTER NATURALIST,TX,Seabrook,77586,2/22/2012,2/22/2012,3/1/2012,tape
30292,120,Winter-breeding,3,South central,7,1,February,7,A,2,M,2,1,TEXAS MASTER NATURALIST,TX,Seabrook,77586,2/26/2012,2/26/2012,3/1/2012,tape
30293,120,Winter-breeding,3,South central,7,1,February,7,A,2,M,2,1,TEXAS MASTER NATURALIST,TX,Seabrook,77586,2/27/2012,2/27/2012,3/1/2012,tape
20033,120,Winter-breeding,3,South central,7,1,February,7,A,2,M,2,1,Dara Satterfield,TX,Seabrook,Julie Moncor's house,2/9/2012,2/14/2012,,tape
30230,120,Winter-breeding,3,South central,7,1,January,6,A,2,M,2,1,TEXAS MASTER NATURALIST,TX,Seabrook,77586,1/3/2012,1/3/2012,3/1/2012,tape
30237,120,Winter-breeding,3,South central,7,1,January,6,A,2,M,2,1,TEXAS MASTER NATURALIST,TX,Seabrook,77586,1/9/2012,1/9/2012,3/1/2012,tape
30243,120,Winter-breeding,3,South central,7,1,January,6,A,2,M,2,1,TEXAS MASTER NATURALIST,TX,Seabrook,77586,1/14/2012,1/14/2012,3/1/2012,tape
30252,120,Winter-breeding,3,South central,7,1,January,6,A,2,M,2,1,TEXAS MASTER NATURALIST,TX,Seabrook,77586,1/21/2012,1/21/2012,8/29/2012,tape
30253,120,Winter-breeding,3,South central,7,1,January,6,A,2,M,2,1,TEXAS MASTER NATURALIST,TX,Seabrook,77586,1/21/2012,1/21/2012,3/1/2012,tape
30256,120,Winter-breeding,3,South central,7,1,January,6,A,2,M,2,1,TEXAS MASTER NATURALIST,TX,Seabrook,77586,1/23/2012,1/23/2012,3/1/2012,tape
30260,120,Winter-breeding,3,South central,7,1,January,6,A,2,M,2,1,TEXAS MASTER NATURALIST,TX,Seabrook,77586,1/27/2012,1/27/2012,3/1/2012,tape
30267,120,Winter-breeding,3,South central,7,1,January,6,A,2,M,2,1,TEXAS MASTER NATURALIST,TX,Seabrook,77586,1/31/2012,1/31/2012,3/1/2012,tape
15172,120,Winter-breeding,3,South central,7,2,December,5,A,2,F,1,0,TEXAS MASTER NATURALIST,TX,Seabrook,77586,12/1/2012,12/1/2012,1/17/2013,tape
15173,120,Winter-breeding,3,South central,7,2,December,5,A,2,F,1,0,TEXAS MASTER NATURALIST,TX,Seabrook,77586,12/2/2012,12/2/2012,1/17/2013,tape
15174,120,Winter-breeding,3,South central,7,2,December,5,A,2,F,1,0,TEXAS MASTER NATURALIST,TX,Seabrook,77586,12/2/2012,12/2/2012,1/17/2013,tape
15177,120,Winter-breeding,3,South central,7,2,December,5,A,2,F,1,0,TEXAS MASTER NATURALIST,TX,Seabrook,77586,12/3/2012,12/3/2012,1/17/2013,tape
15181,120,Winter-breeding,3,South central,7,2,December,5,A,2,F,1,0,TEXAS MASTER NATURALIST,TX,Seabrook,77586,12/4/2012,12/4/2012,1/17/2013,tape
15182,120,Winter-breeding,3,South central,7,2,December,5,A,2,F,1,0,TEXAS MASTER NATURALIST,TX,Seabrook,77586,12/4/2012,12/4/2012,1/17/2013,tape
15186,120,Winter-breeding,3,South central,7,2,December,5,A,2,F,1,0,TEXAS MASTER NATURALIST,TX,Seabrook,77586,12/6/2012,12/6/2012,1/17/2013,tape
15187,120,Winter-breeding,3,South central,7,2,December,5,A,2,F,1,0,TEXAS MASTER NATURALIST,TX,Seabrook,77586,12/7/2012,12/7/2012,1/17/2013,tape
15189,120,Winter-breeding,3,South central,7,2,December,5,A,2,F,1,0,TEXAS MASTER NATURALIST,TX,Seabrook,77586,12/7/2012,12/7/2012,1/17/2013,tape
15191,120,Winter-breeding,3,South central,7,2,December,5,A,2,F,1,0,TEXAS MASTER NATURALIST,TX,Seabrook,77586,12/8/2012,12/8/2012,1/17/2013,tape
15192,120,Winter-breeding,3,South central,7,2,December,5,A,2,F,1,0,TEXAS MASTER NATURALIST,TX,Seabrook,77586,12/8/2012,12/8/2012,1/17/2013,tape
15193,120,Winter-breeding,3,South central,7,2,December,5,A,2,F,1,0,TEXAS MASTER NATURALIST,TX,Seabrook,77586,12/9/2012,12/9/2012,1/17/2013,tape
15196,120,Winter-breeding,3,South central,7,2,December,5,A,2,F,1,0,TEXAS MASTER NATURALIST,TX,Seabrook,77586,12/15/2012,12/15/2012,1/17/2013,tape
15201,120,Winter-breeding,3,South central,7,2,December,5,A,2,F,1,0,TEXAS MASTER NATURALIST,TX,Seabrook,77586,12/17/2012,12/17/2012,1/17/2013,tape
15203,120,Winter-breeding,3,South central,7,2,December,5,A,2,F,1,0,TEXAS MASTER NATURALIST,TX,Seabrook,77586,12/17/2012,12/17/2012,1/17/2013,tape
15208,120,Winter-breeding,3,South central,7,2,December,5,A,2,F,1,0,TEXAS MASTER NATURALIST,TX,Seabrook,77586,12/19/2012,12/19/2012,1/17/2013,tape
15211,120,Winter-breeding,3,South central,7,2,December,5,A,2,F,1,0,TEXAS MASTER NATURALIST,TX,Seabrook,77586,12/21/2012,12/21/2012,1/17/2013,tape
15212,120,Winter-breeding,3,South central,7,2,December,5,A,2,F,1,0,TEXAS MASTER NATURALIST,TX,Seabrook,77586,12/21/2012,12/21/2012,1/17/2013,tape
15214,120,Winter-breeding,3,South central,7,2,December,5,A,2,F,1,0,TEXAS MASTER NATURALIST,TX,Seabrook,77586,12/22/2012,12/22/2012,1/17/2013,tape
15219,120,Winter-breeding,3,South central,7,2,December,5,A,2,F,1,0,TEXAS MASTER NATURALIST,TX,Seabrook,77586,12/24/2012,12/24/2012,1/17/2013,tape
15223,120,Winter-breeding,3,South central,7,2,December,5,A,2,F,1,0,TEXAS MASTER NATURALIST,TX,Seabrook,77586,12/25/2012,12/25/2012,1/17/2013,tape
15224,120,Winter-breeding,3,South central,7,2,December,5,A,2,F,1,0,TEXAS MASTER NATURALIST,TX,Seabrook,77586,12/25/2012,12/25/2012,1/17/2013,tape
15766,120,Winter-breeding,3,South central,7,2,February,7,A,2,F,1,0,TEXAS MASTER NATURALIST,TX,Seabrook,77586,2/10/2013,2/10/2013,4/5/2013,tape
15640,120,Winter-breeding,3,South central,7,2,January,6,A,2,F,1,0,TEXAS MASTER NATURALIST,TX,Seabrook,77586,1/10/2013,1/10/2013,4/3/2013,tape
15641,120,Winter-breeding,3,South central,7,2,January,6,A,2,F,1,0,TEXAS MASTER NATURALIST,TX,Seabrook,77586,1/10/2013,1/10/2013,4/3/2013,tape
15649,120,Winter-breeding,3,South central,7,2,January,6,A,2,F,1,0,TEXAS MASTER NATURALIST,TX,Seabrook,77586,1/17/2013,1/17/2013,4/3/2013,tape
15655,120,Winter-breeding,3,South central,7,2,January,6,A,2,F,1,0,TEXAS MASTER NATURALIST,TX,Seabrook,77586,1/22/2013,1/22/2013,4/3/2013,tape
15658,120,Winter-breeding,3,South central,7,2,January,6,A,2,F,1,0,TEXAS MASTER NATURALIST,TX,Seabrook,77586,1/26/2013,1/26/2013,4/3/2013,tape
15659,120,Winter-breeding,3,South central,7,2,January,6,A,2,F,1,0,TEXAS MASTER NATURALIST,TX,Seabrook,77586,1/26/2013,1/26/2013,4/3/2013,tape
15665,120,Winter-breeding,3,South central,7,2,January,6,A,2,F,1,0,TEXAS MASTER NATURALIST,TX,Seabrook,77586,1/28/2013,1/28/2013,4/3/2013,tape
15171,120,Winter-breeding,3,South central,7,2,December,5,A,2,M,2,0,TEXAS MASTER NATURALIST,TX,Seabrook,77586,12/1/2012,12/1/2012,1/17/2013,tape
15176,120,Winter-breeding,3,South central,7,2,December,5,A,2,M,2,0,TEXAS MASTER NATURALIST,TX,Seabrook,77586,12/3/2012,12/3/2012,1/17/2013,tape
15179,120,Winter-breeding,3,South central,7,2,December,5,A,2,M,2,0,TEXAS MASTER NATURALIST,TX,Seabrook,77586,12/4/2012,12/4/2012,1/17/2013,tape
15183,120,Winter-breeding,3,South central,7,2,December,5,A,2,M,2,0,TEXAS MASTER NATURALIST,TX,Seabrook,77586,12/5/2012,12/5/2012,1/17/2013,tape
15184,120,Winter-breeding,3,South central,7,2,December,5,A,2,M,2,0,TEXAS MASTER NATURALIST,TX,Seabrook,77586,12/6/2012,12/6/2012,1/17/2013,tape
15185,120,Winter-breeding,3,South central,7,2,December,5,A,2,M,2,0,TEXAS MASTER NATURALIST,TX,Seabrook,77586,12/6/2012,12/6/2012,1/17/2013,tape
15188,120,Winter-breeding,3,South central,7,2,December,5,A,2,M,2,0,TEXAS MASTER NATURALIST,TX,Seabrook,77586,12/7/2012,12/7/2012,1/17/2013,tape
15194,120,Winter-breeding,3,South central,7,2,December,5,A,2,M,2,0,TEXAS MASTER NATURALIST,TX,Seabrook,77586,12/9/2012,12/9/2012,1/17/2013,tape
15195,120,Winter-breeding,3,South central,7,2,December,5,A,2,M,2,0,TEXAS MASTER NATURALIST,TX,Seabrook,77586,12/12/2012,12/12/2012,1/17/2013,tape
15197,120,Winter-breeding,3,South central,7,2,December,5,A,2,M,2,0,TEXAS MASTER NATURALIST,TX,Seabrook,77586,12/15/2012,12/15/2012,1/17/2013,tape
15200,120,Winter-breeding,3,South central,7,2,December,5,A,2,M,2,0,TEXAS MASTER NATURALIST,TX,Seabrook,77586,12/17/2012,12/17/2012,1/17/2013,tape
15202,120,Winter-breeding,3,South central,7,2,December,5,A,2,M,2,0,TEXAS MASTER NATURALIST,TX,Seabrook,77586,12/17/2012,12/17/2012,1/17/2013,tape
15204,120,Winter-breeding,3,South central,7,2,December,5,A,2,M,2,0,TEXAS MASTER NATURALIST,TX,Seabrook,77586,12/18/2012,12/18/2012,1/17/2013,tape
15205,120,Winter-breeding,3,South central,7,2,December,5,A,2,M,2,0,TEXAS MASTER NATURALIST,TX,Seabrook,77586,12/18/2012,12/18/2012,1/17/2013,tape
15209,120,Winter-breeding,3,South central,7,2,December,5,A,2,M,2,0,TEXAS MASTER NATURALIST,TX,Seabrook,77586,12/19/2012,12/19/2012,1/17/2013,tape
15213,120,Winter-breeding,3,South central,7,2,December,5,A,2,M,2,0,TEXAS MASTER NATURALIST,TX,Seabrook,77586,12/21/2012,12/21/2012,1/17/2013,tape
15215,120,Winter-breeding,3,South central,7,2,December,5,A,2,M,2,0,TEXAS MASTER NATURALIST,TX,Seabrook,77586,12/22/2012,12/22/2012,1/17/2013,tape
15218,120,Winter-breeding,3,South central,7,2,December,5,A,2,M,2,0,TEXAS MASTER NATURALIST,TX,Seabrook,77586,12/23/2012,12/23/2012,1/17/2013,tape
15220,120,Winter-breeding,3,South central,7,2,December,5,A,2,M,2,0,TEXAS MASTER NATURALIST,TX,Seabrook,77586,12/24/2012,12/24/2012,1/17/2013,tape
15225,120,Winter-breeding,3,South central,7,2,December,5,A,2,M,2,0,TEXAS MASTER NATURALIST,TX,Seabrook,77586,12/25/2012,12/25/2012,1/17/2013,tape
15759,120,Winter-breeding,3,South central,7,2,February,7,A,2,M,2,0,TEXAS MASTER NATURALIST,TX,Seabrook,77586,2/2/2013,2/2/2013,4/5/2013,tape
15773,120,Winter-breeding,3,South central,7,2,February,7,A,2,M,2,0,TEXAS MASTER NATURALIST,TX,Seabrook,77586,2/17/2013,2/13/2013,4/5/2013,tape
15767,120,Winter-breeding,3,South central,7,2,February,7,A,2,M,2,0,TEXAS MASTER NATURALIST,TX,Seabrook,77586,2/14/2013,2/14/2013,4/5/2013,tape
15768,120,Winter-breeding,3,South central,7,2,February,7,A,2,M,2,0,TEXAS MASTER NATURALIST,TX,Seabrook,77586,2/14/2013,2/14/2013,4/5/2013,tape
15769,120,Winter-breeding,3,South central,7,2,February,7,A,2,M,2,0,TEXAS MASTER NATURALIST,TX,Seabrook,77586,2/15/2013,2/15/2013,4/5/2013,tape
15772,120,Winter-breeding,3,South central,7,2,February,7,A,2,M,2,0,TEXAS MASTER NATURALIST,TX,Seabrook,77586,2/16/2013,2/16/2013,4/5/2013,tape
15774,120,Winter-breeding,3,South central,7,2,February,7,A,2,M,2,0,TEXAS MASTER NATURALIST,TX,Seabrook,77586,2/22/2013,2/22/2013,4/5/2013,tape
15776,120,Winter-breeding,3,South central,7,2,February,7,A,2,M,2,0,TEXAS MASTER NATURALIST,TX,Seabrook,77586,2/27/2013,2/27/2013,4/5/2013,tape
16057,120,Winter-breeding,3,South central,7,2,February,7,A,2,M,2,0,TEXAS MASTER NATURALIST,TX,Seabrook,77596,3/1/2013,3/1/2013,5/20/2013,tape
15639,120,Winter-breeding,3,South central,7,2,January,6,A,2,M,2,0,TEXAS MASTER NATURALIST,TX,Seabrook,77586,1/10/2013,1/10/2013,4/3/2013,tape
15647,120,Winter-breeding,3,South central,7,2,January,6,A,2,M,2,0,TEXAS MASTER NATURALIST,TX,Seabrook,77586,1/13/2013,1/13/2013,4/3/2013,tape
15662,120,Winter-breeding,3,South central,7,2,January,6,A,2,M,2,0,TEXAS MASTER NATURALIST,TX,Seabrook,77586,1/26/2013,1/26/2013,4/3/2013,tape
15667,120,Winter-breeding,3,South central,7,2,January,6,A,2,M,2,0,TEXAS MASTER NATURALIST,TX,Seabrook,77586,1/29/2013,1/29/2013,4/3/2013,tape
15210,120,Winter-breeding,3,South central,7,2,December,5,A,2,F,1,1,TEXAS MASTER NATURALIST,TX,Seabrook,77586,12/19/2012,12/19/2012,1/17/2013,tape
15222,120,Winter-breeding,3,South central,7,2,December,5,A,2,F,1,1,TEXAS MASTER NATURALIST,TX,Seabrook,77586,12/24/2012,12/24/2012,1/17/2013,tape
15227,120,Winter-breeding,3,South central,7,2,December,5,A,2,F,1,1,TEXAS MASTER NATURALIST,TX,Seabrook,77586,12/27/2012,12/27/2012,1/17/2013,tape
15760,120,Winter-breeding,3,South central,7,2,February,7,A,2,F,1,1,TEXAS MASTER NATURALIST,TX,Seabrook,77586,2/3/2013,2/3/2013,4/5/2013,tape
15765,120,Winter-breeding,3,South central,7,2,February,7,A,2,F,1,1,TEXAS MASTER NATURALIST,TX,Seabrook,77586,2/8/2013,2/8/2013,4/5/2013,tape
15634,120,Winter-breeding,3,South central,7,2,January,6,A,2,F,1,1,TEXAS MASTER NATURALIST,TX,Seabrook,77586,1/5/2013,1/5/2013,4/3/2013,tape
15637,120,Winter-breeding,3,South central,7,2,January,6,A,2,F,1,1,TEXAS MASTER NATURALIST,TX,Seabrook,77586,1/9/2013,1/9/2013,4/3/2013,tape
15638,120,Winter-breeding,3,South central,7,2,January,6,A,2,F,1,1,TEXAS MASTER NATURALIST,TX,Seabrook,77586,1/10/2013,1/10/2013,4/3/2013,tape
15642,120,Winter-breeding,3,South central,7,2,January,6,A,2,F,1,1,TEXAS MASTER NATURALIST,TX,Seabrook,77586,1/10/2013,1/10/2013,4/3/2013,tape
15644,120,Winter-breeding,3,South central,7,2,January,6,A,2,F,1,1,TEXAS MASTER NATURALIST,TX,Seabrook,77586,1/10/2013,1/10/2013,4/3/2013,tape
15646,120,Winter-breeding,3,South central,7,2,January,6,A,2,F,1,1,TEXAS MASTER NATURALIST,TX,Seabrook,77586,1/12/2013,1/12/2013,4/3/2013,tape
15651,120,Winter-breeding,3,South central,7,2,January,6,A,2,F,1,1,TEXAS MASTER NATURALIST,TX,Seabrook,77586,1/17/2013,1/17/2013,4/3/2013,tape
15656,120,Winter-breeding,3,South central,7,2,January,6,A,2,F,1,1,TEXAS MASTER NATURALIST,TX,Seabrook,77586,1/23/2013,1/23/2013,4/3/2013,tape
15657,120,Winter-breeding,3,South central,7,2,January,6,A,2,F,1,1,TEXAS MASTER NATURALIST,TX,Seabrook,77586,1/26/2013,1/26/2013,4/3/2013,tape
15663,120,Winter-breeding,3,South central,7,2,January,6,A,2,F,1,1,TEXAS MASTER NATURALIST,TX,Seabrook,77586,1/26/2013,1/26/2013,4/3/2013,tape
15664,120,Winter-breeding,3,South central,7,2,January,6,A,2,F,1,1,TEXAS MASTER NATURALIST,TX,Seabrook,77586,1/26/2013,1/26/2013,4/3/2013,tape
15666,120,Winter-breeding,3,South central,7,2,January,6,A,2,F,1,1,TEXAS MASTER NATURALIST,TX,Seabrook,77586,1/28/2013,1/28/2013,4/3/2013,tape
15669,120,Winter-breeding,3,South central,7,2,January,6,A,2,F,1,1,TEXAS MASTER NATURALIST,TX,Seabrook,77586,1/31/2013,1/31/2013,4/3/2013,tape
15175,120,Winter-breeding,3,South central,7,2,December,5,A,2,M,2,1,TEXAS MASTER NATURALIST,TX,Seabrook,77586,12/2/2012,12/2/2012,1/17/2013,tape
15178,120,Winter-breeding,3,South central,7,2,December,5,A,2,M,2,1,TEXAS MASTER NATURALIST,TX,Seabrook,77586,12/4/2012,12/4/2012,1/17/2013,tape
15180,120,Winter-breeding,3,South central,7,2,December,5,A,2,M,2,1,TEXAS MASTER NATURALIST,TX,Seabrook,77586,12/4/2012,12/4/2012,1/17/2013,tape
15198,120,Winter-breeding,3,South central,7,2,December,5,A,2,M,2,1,TEXAS MASTER NATURALIST,TX,Seabrook,77586,12/15/2012,12/15/2012,1/17/2013,tape
15199,120,Winter-breeding,3,South central,7,2,December,5,A,2,M,2,1,TEXAS MASTER NATURALIST,TX,Seabrook,77586,12/15/2012,12/15/2012,1/17/2013,tape
15206,120,Winter-breeding,3,South central,7,2,December,5,A,2,M,2,1,TEXAS MASTER NATURALIST,TX,Seabrook,77586,12/18/2012,12/18/2012,1/17/2013,tape
15207,120,Winter-breeding,3,South central,7,2,December,5,A,2,M,2,1,TEXAS MASTER NATURALIST,TX,Seabrook,77586,12/19/2012,12/19/2012,1/17/2013,tape
15216,120,Winter-breeding,3,South central,7,2,December,5,A,2,M,2,1,TEXAS MASTER NATURALIST,TX,Seabrook,77586,12/23/2012,12/23/2012,1/17/2013,tape
15217,120,Winter-breeding,3,South central,7,2,December,5,A,2,M,2,1,TEXAS MASTER NATURALIST,TX,Seabrook,77586,12/23/2012,12/23/2012,1/17/2013,tape
15221,120,Winter-breeding,3,South central,7,2,December,5,A,2,M,2,1,TEXAS MASTER NATURALIST,TX,Seabrook,77586,12/24/2012,12/24/2012,1/17/2013,tape
15226,120,Winter-breeding,3,South central,7,2,December,5,A,2,M,2,1,TEXAS MASTER NATURALIST,TX,Seabrook,77586,12/25/2012,12/25/2012,1/17/2013,tape
15761,120,Winter-breeding,3,South central,7,2,February,7,A,2,M,2,1,TEXAS MASTER NATURALIST,TX,Seabrook,77586,2/5/2013,2/5/2013,4/5/2013,tape
15762,120,Winter-breeding,3,South central,7,2,February,7,A,2,M,2,1,TEXAS MASTER NATURALIST,TX,Seabrook,77586,2/7/2013,2/7/2013,4/5/2013,tape
15763,120,Winter-breeding,3,South central,7,2,February,7,A,2,M,2,1,TEXAS MASTER NATURALIST,TX,Seabrook,77586,2/7/2013,2/7/2013,4/5/2013,tape
15764,120,Winter-breeding,3,South central,7,2,February,7,A,2,M,2,1,TEXAS MASTER NATURALIST,TX,Seabrook,77586,2/8/2013,2/8/2013,4/5/2013,tape
15770,120,Winter-breeding,3,South central,7,2,February,7,A,2,M,2,1,TEXAS MASTER NATURALIST,TX,Seabrook,77586,2/15/2013,2/15/2013,4/5/2013,tape
15771,120,Winter-breeding,3,South central,7,2,February,7,A,2,M,2,1,TEXAS MASTER NATURALIST,TX,Seabrook,77586,2/15/2013,2/15/2013,4/5/2013,tape
15775,120,Winter-breeding,3,South central,7,2,February,7,A,2,M,2,1,TEXAS MASTER NATURALIST,TX,Seabrook,77586,2/22/2013,2/22/2013,4/5/2013,tape
15633,120,Winter-breeding,3,South central,7,2,January,6,A,2,M,2,1,TEXAS MASTER NATURALIST,TX,Seabrook,77586,1/5/2013,1/5/2013,4/3/2013,tape
15635,120,Winter-breeding,3,South central,7,2,January,6,A,2,M,2,1,TEXAS MASTER NATURALIST,TX,Seabrook,77586,1/6/2013,1/6/2013,4/3/2013,tape
15636,120,Winter-breeding,3,South central,7,2,January,6,A,2,M,2,1,TEXAS MASTER NATURALIST,TX,Seabrook,77586,1/9/2013,1/9/2013,4/3/2013,tape
15645,120,Winter-breeding,3,South central,7,2,January,6,A,2,M,2,1,TEXAS MASTER NATURALIST,TX,Seabrook,77586,1/11/2013,1/11/2013,4/3/2013,tape
15648,120,Winter-breeding,3,South central,7,2,January,6,A,2,M,2,1,TEXAS MASTER NATURALIST,TX,Seabrook,77586,1/16/2013,1/16/2013,4/3/2013,tape
15650,120,Winter-breeding,3,South central,7,2,January,6,A,2,M,2,1,TEXAS MASTER NATURALIST,TX,Seabrook,77586,1/17/2013,1/17/2013,4/3/2013,tape
15652,120,Winter-breeding,3,South central,7,2,January,6,A,2,M,2,1,TEXAS MASTER NATURALIST,TX,Seabrook,77586,1/17/2013,1/17/2013,4/3/2013,tape
15653,120,Winter-breeding,3,South central,7,2,January,6,A,2,M,2,1,TEXAS MASTER NATURALIST,TX,Seabrook,77586,1/18/2013,1/18/2013,4/3/2013,tape
15660,120,Winter-breeding,3,South central,7,2,January,6,A,2,M,2,1,TEXAS MASTER NATURALIST,TX,Seabrook,77586,1/26/2013,1/26/2013,4/3/2013,tape
15668,120,Winter-breeding,3,South central,7,2,January,6,A,2,M,2,1,TEXAS MASTER NATURALIST,TX,Seabrook,77586,1/31/2013,1/31/2013,4/3/2013,tape
30503,94,Winter-breeding,3,Southeast,3,1,December,5,A,2,M,2,0,PORT ST. JOE ELEMENTARY,FL,Port St. Joe,32456,12/25/2011,12/25/2011,8/28/2012,tape
30502,94,Winter-breeding,3,Southeast,3,1,December,5,A,2,F,1,1,PORT ST. JOE ELEMENTARY,FL,Port St. Joe,32456,12/4/2011,12/4/2011,8/28/2012,tape
16090,94,Winter-breeding,3,Southeast,3,2,December,5,LP,1,M,2,1,PORT ST. JOE ELEMENTARY,FL,Port St. Joe ,32456,12/1/2012,12/14/2012,5/20/2013,tape
30365,96,Winter-breeding,3,Southeast,3,1,January,6,A,2,F,1,1,PARK RANGER,FL,Melbourne,32935,1/30/2012,1/30/2012,8/26/2012,tape
30366,96,Winter-breeding,3,Southeast,3,1,February,7,A,2,M,2,1,PARK RANGER,FL,Melbourne,32935,2/12/2012,2/12/2012,4/30/2012,tape
15989,96,Winter-breeding,3,Southeast,3,2,February,7,A,2,F,1,0,PARK RANGER,FL,Melbourne,32935,2/10/2013,2/10/2013,5/20/2013,tape
15988,96,Winter-breeding,3,Southeast,3,2,January,6,A,2,M,2,0,PARK RANGER,FL,Melbourne,32935,1/26/2013,1/26/2013,5/20/2013,tape
30055,97,Winter-breeding,3,Southeast,3,1,December,5,A,2,F,1,0,,GA,Savannah,31411,12/1/2011,12/1/2011,3/19/2012,tape
20001,97,Winter-breeding,3,Southeast,3,1,January,6,A,2,F,1,0,Dara Satterfield,GA,Savannah,Sparrow Field,1/5/2012,1/5/2012,,tape
30067,97,Winter-breeding,3,Southeast,3,1,January,6,A,2,F,1,0,,GA,Savannah,31411,1/9/2012,1/9/2012,4/2/2012,tape
30068,97,Winter-breeding,3,Southeast,3,1,January,6,A,2,F,1,0,,GA,Savannah,31411,1/12/2012,1/12/2012,4/2/2012,tape
20014,97,Winter-breeding,3,Southeast,3,1,January,6,LP,1,F,1,0,Dara Satterfield,GA,Savannah,Sparrow Field,1/5/2012,1/9/2012,,tape
30054,97,Winter-breeding,3,Southeast,3,1,December,5,A,2,M,2,0,,GA,Savannah,31411,12/1/2011,12/1/2011,3/19/2012,tape
30057,97,Winter-breeding,3,Southeast,3,1,December,5,A,2,M,2,0,,GA,Savannah,31411,12/5/2011,12/5/2011,3/14/2012,tape
30058,97,Winter-breeding,3,Southeast,3,1,December,5,A,2,M,2,0,,GA,Savannah,31411,12/9/2011,12/9/2011,3/19/2012,tape
30062,97,Winter-breeding,3,Southeast,3,1,December,5,A,2,M,2,0,,GA,Savannah,31411,12/20/2011,12/20/2011,3/19/2012,tape
30063,97,Winter-breeding,3,Southeast,3,1,December,5,A,2,M,2,0,,GA,Savannah,31411,12/20/2011,12/20/2011,3/19/2012,tape
30064,97,Winter-breeding,3,Southeast,3,1,December,5,A,2,M,2,0,,GA,Savannah,31411,12/31/2011,12/31/2011,3/19/2012,tape
30070,97,Winter-breeding,3,Southeast,3,1,February,7,A,2,M,2,0,,GA,Savannah,31411,2/5/2012,2/5/2012,4/2/2012,tape
20002,97,Winter-breeding,3,Southeast,3,1,January,6,A,2,M,2,0,Dara Satterfield,GA,Savannah,Sparrow Field,1/5/2012,1/5/2012,,tape
20004,97,Winter-breeding,3,Southeast,3,1,January,6,A,2,M,2,0,Dara Satterfield,GA,Savannah,Sparrow Field,1/5/2012,1/5/2012,,tape
20005,97,Winter-breeding,3,Southeast,3,1,January,6,A,2,M,2,0,Dara Satterfield,GA,Savannah,Sparrow Field,1/5/2012,1/5/2012,,tape
20007,97,Winter-breeding,3,Southeast,3,1,January,6,A,2,M,2,0,Dara Satterfield,GA,Savannah,Sparrow Field,1/5/2012,1/5/2012,,tape
20009,97,Winter-breeding,3,Southeast,3,1,January,6,A,2,M,2,0,Dara Satterfield,GA,Savannah,Sparrow Field,1/5/2012,1/5/2012,,tape
20010,97,Winter-breeding,3,Southeast,3,1,January,6,A,2,M,2,0,Dara Satterfield,GA,Savannah,Sparrow Field,1/5/2012,1/5/2012,,tape
20011,97,Winter-breeding,3,Southeast,3,1,January,6,A,2,M,2,0,Dara Satterfield,GA,Savannah,Sparrow Field,1/5/2012,1/5/2012,,tape
20012,97,Winter-breeding,3,Southeast,3,1,January,6,A,2,M,2,0,Dara Satterfield,GA,Savannah,Sparrow Field,1/5/2012,1/5/2012,,tape
30066,97,Winter-breeding,3,Southeast,3,1,January,6,A,2,M,2,0,,GA,Savannah,31411,1/9/2012,1/9/2012,4/2/2012,tape
30069,97,Winter-breeding,3,Southeast,3,1,January,6,A,2,M,2,0,,GA,Savannah,31411,1/12/2012,1/12/2012,4/2/2012,tape
20017,97,Winter-breeding,3,Southeast,3,1,January,6,LP,1,M,2,0,Dara Satterfield,GA,Savannah,Sparrow Field,1/5/2012,1/14/2012,,tape
20018,97,Winter-breeding,3,Southeast,3,1,January,6,LP,1,M,2,0,Dara Satterfield,GA,Savannah,Sparrow Field,1/5/2012,1/16/2012,,tape
30056,97,Winter-breeding,3,Southeast,3,1,December,5,A,2,,,0,,GA,Savannah,31411,12/1/2011,12/1/2011,3/19/2012,tape
30065,97,Winter-breeding,3,Southeast,3,1,January,6,A,2,,,0,,GA,Savannah,31411,1/1/2012,1/1/2012,3/14/2012,tape
30060,97,Winter-breeding,3,Southeast,3,1,December,5,A,2,F,1,1,,GA,Savannah,31411,12/13/2011,12/13/2011,3/19/2012,tape
20015,97,Winter-breeding,3,Southeast,3,1,January,6,LP,1,F,1,1,Dara Satterfield,GA,Savannah,Sparrow Field,1/5/2012,1/10/2012,,tape
20019,97,Winter-breeding,3,Southeast,3,1,January,6,LP,1,F,1,1,Dara Satterfield,GA,Savannah,Sparrow Field,1/5/2012,1/16/2012,,tape
30061,97,Winter-breeding,3,Southeast,3,1,December,5,A,2,M,2,1,,GA,Savannah,31411,12/13/2011,12/13/2011,3/19/2012,tape
20003,97,Winter-breeding,3,Southeast,3,1,January,6,A,2,M,2,1,Dara Satterfield,GA,Savannah,Sparrow Field,1/5/2012,1/5/2012,,tape
20006,97,Winter-breeding,3,Southeast,3,1,January,6,A,2,M,2,1,Dara Satterfield,GA,Savannah,Sparrow Field,1/5/2012,1/5/2012,,tape
20008,97,Winter-breeding,3,Southeast,3,1,January,6,A,2,M,2,1,Dara Satterfield,GA,Savannah,Sparrow Field,1/5/2012,1/5/2012,,tape
20013,97,Winter-breeding,3,Southeast,3,1,January,6,A,2,M,2,1,Dara Satterfield,GA,Savannah,Sparrow Field,1/5/2012,1/5/2012,,tape
20016,97,Winter-breeding,3,Southeast,3,1,January,6,LP,1,M,2,1,Dara Satterfield,GA,Savannah,Sparrow Field,1/5/2012,1/13/2012,,tape
30059,97,Winter-breeding,3,Southeast,3,1,December,5,A,2,,,1,,GA,Savannah,31411,12/9/2011,12/9/2011,3/19/2012,tape
15673,97,Winter-breeding,3,Southeast,3,2,December,5,A,2,F,1,0,,GA,Savannah,31411,12/5/2012,12/5/2012,4/4/2013,tape
15675,97,Winter-breeding,3,Southeast,3,2,December,5,A,2,F,1,0,,GA,Savannah,31411,12/5/2012,12/5/2012,4/4/2013,tape
15678,97,Winter-breeding,3,Southeast,3,2,December,5,A,2,F,1,0,,GA,Savannah,31411,12/8/2012,12/8/2012,4/4/2013,tape
15684,97,Winter-breeding,3,Southeast,3,2,December,5,A,2,F,1,0,Ann Fenstermacher,GA,Savannah,31411,12/30/2012,12/30/2012,4/1/2013,tape
15685,97,Winter-breeding,3,Southeast,3,2,January,6,A,2,F,1,0,Dara Satterfield,GA,Savannah,31411,1/5/2013,1/5/2013,1/11/2013,tape
15686,97,Winter-breeding,3,Southeast,3,2,January,6,A,2,F,1,0,Dara Satterfield,GA,Savannah,31411,1/5/2013,1/5/2013,1/11/2013,tape
15687,97,Winter-breeding,3,Southeast,3,2,January,6,A,2,F,1,0,Dara Satterfield,GA,Savannah,31411,1/5/2013,1/5/2013,1/11/2013,tape
15688,97,Winter-breeding,3,Southeast,3,2,January,6,A,2,F,1,0,Dara Satterfield,GA,Savannah,31411,1/5/2013,1/5/2013,1/11/2013,tape
15688,97,Winter-breeding,3,Southeast,3,2,January,6,A,2,F,1,0,Ann Fenstermacher,GA,Savannah,31411,1/28/2013,1/28/2013,4/1/2013,tape
15670,97,Winter-breeding,3,Southeast,3,2,December,5,A,2,M,2,0,,GA,Savannah,31411,12/5/2012,12/5/2012,4/4/2013,tape
15672,97,Winter-breeding,3,Southeast,3,2,December,5,A,2,M,2,0,,GA,Savannah,31411,12/5/2012,12/5/2012,4/4/2013,tape
15674,97,Winter-breeding,3,Southeast,3,2,December,5,A,2,M,2,0,,GA,Savannah,31411,12/5/2012,12/5/2012,4/4/2013,tape
15676,97,Winter-breeding,3,Southeast,3,2,December,5,A,2,M,2,0,,GA,Savannah,31411,12/5/2012,12/5/2012,4/4/2013,tape
15677,97,Winter-breeding,3,Southeast,3,2,December,5,A,2,M,2,0,,GA,Savannah,31411,12/8/2012,12/8/2012,4/4/2013,tape
20172,97,Winter-breeding,3,Southeast,3,2,January,6,A,2,M,2,0,Dara Satterfield,GA,Savannah,31411,1/4/2013,1/4/2013,1/11/2013,tape
20173,97,Winter-breeding,3,Southeast,3,2,January,6,A,2,M,2,0,Dara Satterfield,GA,Savannah,31411,1/5/2013,1/5/2013,1/11/2013,tape
20174,97,Winter-breeding,3,Southeast,3,2,January,6,A,2,M,2,0,Dara Satterfield,GA,Savannah,31411,1/5/2013,1/5/2013,1/11/2013,tape
20175,97,Winter-breeding,3,Southeast,3,2,January,6,A,2,M,2,0,Dara Satterfield,GA,Savannah,31411,1/5/2013,1/5/2013,1/11/2013,tape
#REF!,97,Winter-breeding,3,Southeast,3,2,January,6,A,2,M,2,0,Dara Satterfield,GA,Savannah,31411,1/5/2013,1/5/2013,1/11/2013,tape
15685,97,Winter-breeding,3,Southeast,3,2,January,6,A,2,M,2,0,Ann Fenstermacher,GA,Savannah,31411,1/28/2013,1/28/2013,4/1/2013,tape
15689,97,Winter-breeding,3,Southeast,3,2,January,6,A,2,M,2,0,Ann Fenstermacher,GA,Savannah,31411,1/28/2013,1/28/2013,4/1/2013,tape
15690,97,Winter-breeding,3,Southeast,3,2,January,6,A,2,M,2,0,Ann Fenstermacher,GA,Savannah,31411,1/28/2013,1/28/2013,4/1/2013,tape
15691,97,Winter-breeding,3,Southeast,3,2,January,6,A,2,M ,2,0,Dara Satterfield,GA,Savannah,31411,1/5/2013,1/5/2013,1/11/2013,tape
15671,97,Winter-breeding,3,Southeast,3,2,December,5,A,2,F,1,1,,GA,Savannah,31411,12/5/2012,12/5/2012,4/4/2013,tape
20171,97,Winter-breeding,3,Southeast,3,2,January,6,A,2,F,1,1,Dara Satterfield,GA,Savannah,31411,1/4/2013,1/4/2013,1/11/2013,tape
15687,97,Winter-breeding,3,Southeast,3,2,January,6,A,2,F,1,1,Ann Fenstermacher,GA,Savannah,31411,1/28/2013,1/28/2013,4/1/2013,tape
15688,97,Winter-breeding,3,Southeast,3,2,January,6,A,2,M,2,1,Dara Satterfield,GA,Savannah,31411,1/5/2013,1/5/2013,1/11/2013,tape
15689,97,Winter-breeding,3,Southeast,3,2,January,6,A,2,M,2,1,Dara Satterfield,GA,Savannah,31411,1/5/2013,1/5/2013,1/11/2013,tape
15690,97,Winter-breeding,3,Southeast,3,2,January,6,A,2,M,2,1,Dara Satterfield,GA,Savannah,31411,1/5/2013,1/5/2013,1/11/2013,tape
15691,97,Winter-breeding,3,Southeast,3,2,January,6,A,2,M,2,1,Dara Satterfield,GA,Savannah,31411,1/5/2013,1/5/2013,1/11/2013,tape
15692,97,Winter-breeding,3,Southeast,3,2,January,6,LP,1,M,2,1,Dara Satterfield,GA,Savannah,31411,1/7/2013,1/16/2013,1/16/2013,tape
15581,98,Winter-breeding,3,Southeast,3,2,December,5,A,2,F,1,1,,FL,Jacksonville,32244,2012,12/8/2012,2/6/2013,tape
15582,98,Winter-breeding,3,Southeast,3,2,December,5,A,2,F,1,1,,FL,Jacksonville,32244,2012,12/9/2012,2/6/2013,tape
30298,102,Winter-breeding,3,Southeast,3,1,December,5,A,2,F,1,0,MICHAEL SHOOK,FL,Lakeland,33801,12/3/2011,12/3/2011,8/29/2012,tape
30299,102,Winter-breeding,3,Southeast,3,1,December,5,A,2,F,1,0,MICHAEL SHOOK,FL,Lakeland,33801,12/7/2011,12/7/2011,8/29/2012,tape
30300,102,Winter-breeding,3,Southeast,3,1,December,5,A,2,F,1,0,MICHAEL SHOOK,FL,Lakeland,33801,12/16/2011,12/16/2011,8/29/2012,tape
30301,102,Winter-breeding,3,Southeast,3,1,December,5,A,2,F,1,0,MICHAEL SHOOK,FL,Lakeland,33801,12/16/2011,12/16/2011,8/29/2012,tape
30302,102,Winter-breeding,3,Southeast,3,1,December,5,A,2,F,1,0,MICHAEL SHOOK,FL,Lakeland,33801,12/16/2011,12/16/2011,8/29/2012,tape
30303,102,Winter-breeding,3,Southeast,3,1,December,5,A,2,F,1,1,Michael Shook,FL,Lakeland,33801,12/17/2011,12/17/2011,3/1/2012,tape
30304,102,Winter-breeding,3,Southeast,3,1,December,5,A,2,F,1,1,MICHAEL SHOOK,FL,Lakeland,33801,12/19/2011,12/19/2011,3/1/2012,tape
30305,102,Winter-breeding,3,Southeast,3,1,January,6,A,2,F,1,1,MICHAEL SHOOK,FL,Lakeland,33801,1/19/2012,1/19/2012,3/1/2012,tape
30306,102,Winter-breeding,3,Southeast,3,1,January,6,A,2,F,1,1,MICHAEL SHOOK,FL,Lakeland,33801,1/22/2012,1/22/2012,3/1/2012,tape
15792,102,Winter-breeding,3,Southeast,3,2,January,6,A,2,F,1,0,,FL,Lakeland,33801,1/3/2013,1/1/2013,4/8/2013,tape
15784,102,Winter-breeding,3,Southeast,3,2,December,5,LP,1,F,1,1,,FL,Lakeland,33801,11/1/2012,12/2/2012,4/8/2013,tape
15786,102,Winter-breeding,3,Southeast,3,2,December,5,LP,1,F,1,1,,FL,Lakeland,33801,11/4/2012,12/6/2012,4/8/2013,tape
15787,102,Winter-breeding,3,Southeast,3,2,December,5,LP,1,F,1,1,,FL,Lakeland,33801,11/4/2012,12/6/2012,4/8/2013,tape
15789,102,Winter-breeding,3,Southeast,3,2,December,5,LP,1,F,1,1,,FL,Lakeland,33801,11/1/2012,12/7/2012,4/8/2013,tape
15790,102,Winter-breeding,3,Southeast,3,2,December,5,LP,1,F,1,1,,FL,Lakeland,33801,11/1/2012,12/25/2012,4/8/2013,tape
15791,102,Winter-breeding,3,Southeast,3,2,January,6,LP,1,F,1,1,,FL,Lakeland,33801,12/1/2012,1/1/2013,4/8/2013,tape
15785,102,Winter-breeding,3,Southeast,3,2,December,5,A,2,M,2,1,,FL,Lakeland,33801,12/4/2012,12/4/2012,4/8/2013,tape
15788,102,Winter-breeding,3,Southeast,3,2,December,5,LP,1,M,2,1,,FL,Lakeland,33801,11/4/2012,12/6/2012,4/8/2013,tape
15793,102,Winter-breeding,3,Southeast,3,2,January,6,LP,1,M,2,1,,FL,Lakeland,33801,1/25/2013,1/25/2013,4/8/2013,tape
16055,103,Winter-breeding,3,Southeast,3,2,February,7,,,F,1,0,Nick Bodven's team,FL,Ponce De Leon ,34285,2013,2/27/2013,5/20/2013,tape
16048,103,Winter-breeding,3,Southeast,3,2,December,5,,,F,1,1,Nick Bodven's team,FL,Ponce De Leon ,34285,2012,12/10/2012,5/20/2013,tape
16049,103,Winter-breeding,3,Southeast,3,2,December,5,,,F,1,1,Nick Bodven's team,FL,Ponce De Leon ,34285,2012,12/10/2012,5/20/2013,tape
16050,103,Winter-breeding,3,Southeast,3,2,December,5,,,F,1,1,Nick Bodven's team,FL,Ponce De Leon ,34285,2012,12/12/2012,5/20/2013,tape
16052,103,Winter-breeding,3,Southeast,3,2,February,7,,,F,1,1,Nick Bodven's team,FL,Ponce De Leon ,34285,2013,2/4/2013,5/20/2013,tape
16053,103,Winter-breeding,3,Southeast,3,2,February,7,,,F,1,1,Nick Bodven's team,FL,Ponce De Leon ,34285,2013,2/6/2013,5/20/2013,tape
16054,103,Winter-breeding,3,Southeast,3,2,February,7,,,F,1,1,Nick Bodven's team,FL,Ponce De Leon ,34285,2013,2/11/2013,5/20/2013,tape
16051,103,Winter-breeding,3,Southeast,3,2,January,6,,,F,1,1,Nick Bodven's team,FL,Ponce De Leon ,34285,2013,1/28/2013,5/20/2013,tape
16046,103,Winter-breeding,3,Southeast,3,2,December,5,,,M,2,1,Nick Bodven's team,FL,Ponce De Leon ,34285,2012,12/10/2012,5/20/2013,tape
16047,103,Winter-breeding,3,Southeast,3,2,December,5,,,M,2,1,Nick Bodven's team,FL,Ponce De Leon ,34285,2012,12/10/2012,5/20/2013,tape
30189,104,Winter-breeding,3,Southeast,3,1,January,6,LP,1,M,2,0,,FL,Orlando,32804,12/21/2011,1/7/2012,3/7/2012,tape
30183,104,Winter-breeding,3,Southeast,3,1,December,5,LP,1,F,1,1,,FL,Orlando,32804,12/10/2011,12/26/2011,3/7/2012,tape
30185,104,Winter-breeding,3,Southeast,3,1,January,6,LP,1,F,1,1,,FL,Orlando,32804,12/18/2011,1/3/2012,3/7/2012,tape
30188,104,Winter-breeding,3,Southeast,3,1,January,6,LP,1,F,1,1,,FL,Orlando,32804,12/21/2011,1/6/2012,3/7/2012,tape
30190,104,Winter-breeding,3,Southeast,3,1,January,6,LP,1,F,1,1,,FL,Orlando,32804,12/21/2011,1/7/2012,3/7/2012,tape
30192,104,Winter-breeding,3,Southeast,3,1,January,6,LP,1,F,1,1,,FL,Orlando,32804,12/22/2011,1/10/2012,3/7/2012,tape
30182,104,Winter-breeding,3,Southeast,3,1,December,5,LP,1,M,2,1,,FL,Orlando,32804,12/7/2011,12/24/2011,3/7/2012,tape
30184,104,Winter-breeding,3,Southeast,3,1,December,5,LP,1,M,2,1,,FL,Orlando,32804,12/12/2011,12/27/2011,3/7/2012,tape
30186,104,Winter-breeding,3,Southeast,3,1,January,6,LP,1,M,2,1,,FL,Orlando,32804,12/18/2011,1/5/2012,3/7/2012,tape
30187,104,Winter-breeding,3,Southeast,3,1,January,6,LP,1,M,2,1,,FL,Orlando,32804,12/18/2011,1/5/2012,3/7/2012,tape
30191,104,Winter-breeding,3,Southeast,3,1,January,6,LP,1,M,2,1,,FL,Orlando,32804,12/21/2011,1/8/2012,3/7/2012,tape
30167,106,Winter-breeding,3,Southeast,3,1,December,5,LP,1,F,1,0,,SC,Isle Of Palms,29451,2011,12/24/2011,2/27/2012,tape
30161,106,Winter-breeding,3,Southeast,3,1,December,5,LP,1,M,2,0,,SC,Isle Of Palms,29451,2011,12/16/2011,2/27/2012,tape
30165,106,Winter-breeding,3,Southeast,3,1,December,5,LP,1,M,2,0,,SC,Isle Of Palms,29451,2011,12/24/2011,2/27/2012,tape
30166,106,Winter-breeding,3,Southeast,3,1,December,5,LP,1,M,2,0,,SC,Isle Of Palms,29451,2011,12/24/2011,2/27/2012,tape
30157,106,Winter-breeding,3,Southeast,3,1,December,5,LP,1,F,1,1,,SC,Isle Of Palms,29451,2011,12/4/2011,2/27/2012,tape
30160,106,Winter-breeding,3,Southeast,3,1,December,5,LP,1,F,1,1,,SC,Isle Of Palms,29451,2011,12/16/2011,2/27/2012,tape
30163,106,Winter-breeding,3,Southeast,3,1,December,5,LP,1,F,1,1,,SC,Isle Of Palms,29451,2011,12/24/2011,2/27/2012,tape
30164,106,Winter-breeding,3,Southeast,3,1,December,5,LP,1,F,1,1,,SC,Isle Of Palms,29451,2011,12/24/2011,2/27/2012,tape
30158,106,Winter-breeding,3,Southeast,3,1,December,5,LP,1,M,2,1,,SC,Isle Of Palms,29451,2011,12/4/2011,2/27/2012,tape
30159,106,Winter-breeding,3,Southeast,3,1,December,5,LP,1,M,2,1,,SC,Isle Of Palms,29451,2011,12/4/2011,2/27/2012,tape
30162,106,Winter-breeding,3,Southeast,3,1,December,5,LP,1,M,2,1,,SC,Isle Of Palms,29451,2011,12/24/2011,2/27/2012,tape
16036,110,Winter-breeding,3,Southeast,3,2,December,5,LP,1,F,1,0,,FL,Apopka,32703,11/24/2012,12/8/2012,5/20/2013,tape
16032,110,Winter-breeding,3,Southeast,3,2,December,5,LP,1,F,1,1,,FL,Apopka,32703,11/22/2012,12/4/2012,5/20/2013,tape
16033,110,Winter-breeding,3,Southeast,3,2,December,5,LP,1,F,1,1,,FL,Apopka,32703,11/22/2012,12/4/2012,5/20/2013,tape
16037,110,Winter-breeding,3,Southeast,3,2,December,5,LP,1,F,1,1,,FL,Apopka,32703,11/24/2012,12/9/2012,5/20/2013,tape
16038,110,Winter-breeding,3,Southeast,3,2,December,5,LP,1,F,1,1,,FL,Apopka,32703,11/24/2012,12/9/2012,5/20/2013,tape
16041,110,Winter-breeding,3,Southeast,3,2,December,5,LP,1,F,1,1,,FL,Apopka,32703,11/24/2012,12/10/2012,5/20/2013,tape
16042,110,Winter-breeding,3,Southeast,3,2,December,5,LP,1,F,1,1,,FL,Apopka,32703,11/24/2012,12/10/2012,5/20/2013,tape
16040,110,Winter-breeding,3,Southeast,3,2,December,5,LP,1,F,1,1,,FL,Apopka,32703,11/24/2012,12/10/2012,5/20/2013,tape
16043,110,Winter-breeding,3,Southeast,3,2,December,5,LP,1,F,1,1,,FL,Apopka,32703,11/24/2012,12/10/2012,5/21/2013,tape
16035,110,Winter-breeding,3,Southeast,3,2,December,5,A,2,M,2,1,,FL,Apopka,32703,12/7/2012,12/7/2012,5/20/2013,tape
16034,110,Winter-breeding,3,Southeast,3,2,December,5,LP,1,M,2,1,,FL,Apopka,32703,11/22/2012,12/5/2012,5/20/2013,tape
16039,110,Winter-breeding,3,Southeast,3,2,December,5,LP,1,M,2,1,,FL,Apopka,32703,11/24/2012,12/9/2012,5/20/2013,tape
16044,110,Winter-breeding,3,Southeast,3,2,December,5,LP,1,M,2,1,,FL,Apopka,32703,11/24/2012,12/10/2012,5/20/2013,tape
30022,111,Winter-breeding,3,Southeast,3,1,December,5,A,2,F,1,1,,FL,Auburndale,33823,12/13/2011,12/13/2011,4/2/2012,tape
30023,111,Winter-breeding,3,Southeast,3,1,December,5,A,2,F,1,1,,FL,Auburndale,33823,12/14/2011,12/14/2011,4/2/2012,tape
30024,111,Winter-breeding,3,Southeast,3,1,December,5,A,2,F,1,1,,FL,Auburndale,33823,12/15/2011,12/15/2011,4/2/2012,tape
30026,111,Winter-breeding,3,Southeast,3,1,December,5,A,2,F,1,1,,FL,Auburndale,33823,12/15/2011,12/15/2011,4/2/2012,tape
30028,111,Winter-breeding,3,Southeast,3,1,December,5,A,2,F,1,1,,FL,Auburndale,33823,12/17/2011,12/17/2011,4/2/2012,tape
30029,111,Winter-breeding,3,Southeast,3,1,December,5,A,2,F,1,1,,FL,Auburndale,33823,12/17/2011,12/17/2011,4/2/2012,tape
30030,111,Winter-breeding,3,Southeast,3,1,December,5,A,2,F,1,1,,FL,Auburndale,33823,12/17/2011,12/17/2011,4/2/2012,tape
30031,111,Winter-breeding,3,Southeast,3,1,December,5,A,2,F,1,1,,FL,Auburndale,33823,12/17/2011,12/17/2011,4/2/2012,tape
30034,111,Winter-breeding,3,Southeast,3,1,December,5,A,2,F,1,1,,FL,Auburndale,33823,12/18/2011,12/18/2011,4/2/2012,tape
30040,111,Winter-breeding,3,Southeast,3,1,December,5,A,2,F,1,1,,FL,Auburndale,33823,12/21/2011,12/21/2011,4/2/2012,tape
30044,111,Winter-breeding,3,Southeast,3,1,December,5,A,2,F,1,1,,FL,Auburndale,33823,12/26/2011,12/26/2011,4/2/2012,tape
30048,111,Winter-breeding,3,Southeast,3,1,December,5,A,2,F,1,1,,FL,Auburndale,33823,12/28/2011,12/28/2011,4/2/2012,tape
30020,111,Winter-breeding,3,Southeast,3,1,December,5,A,2,M,2,1,,FL,Auburndale,33823,12/12/2011,12/12/2011,4/2/2012,tape
30021,111,Winter-breeding,3,Southeast,3,1,December,5,A,2,M,2,1,,FL,Auburndale,33823,12/13/2011,12/13/2011,4/2/2012,tape
30025,111,Winter-breeding,3,Southeast,3,1,December,5,A,2,M,2,1,,FL,Auburndale,33823,12/15/2011,12/15/2011,4/2/2012,tape
30027,111,Winter-breeding,3,Southeast,3,1,December,5,A,2,M,2,1,,FL,Auburndale,33823,12/15/2011,12/15/2011,4/2/2012,tape
30032,111,Winter-breeding,3,Southeast,3,1,December,5,A,2,M,2,1,,FL,Auburndale,33823,12/18/2011,12/18/2011,4/2/2012,tape
30033,111,Winter-breeding,3,Southeast,3,1,December,5,A,2,M,2,1,,FL,Auburndale,33823,12/18/2011,12/18/2011,4/2/2012,tape
30035,111,Winter-breeding,3,Southeast,3,1,December,5,A,2,M,2,1,,FL,Auburndale,33823,12/18/2011,12/18/2011,4/2/2012,tape
30036,111,Winter-breeding,3,Southeast,3,1,December,5,A,2,M,2,1,,FL,Auburndale,33823,12/19/2011,12/19/2011,4/2/2012,tape
30037,111,Winter-breeding,3,Southeast,3,1,December,5,A,2,M,2,1,,FL,Auburndale,33823,12/20/2011,12/20/2011,4/2/2012,tape
30038,111,Winter-breeding,3,Southeast,3,1,December,5,A,2,M,2,1,,FL,Auburndale,33823,12/20/2011,12/20/2011,4/2/2012,tape
30039,111,Winter-breeding,3,Southeast,3,1,December,5,A,2,M,2,1,,FL,Auburndale,33823,12/20/2011,12/20/2011,4/2/2012,tape
30041,111,Winter-breeding,3,Southeast,3,1,December,5,A,2,M,2,1,,FL,Auburndale,33823,12/23/2011,12/23/2011,4/2/2012,tape
30042,111,Winter-breeding,3,Southeast,3,1,December,5,A,2,M,2,1,,FL,Auburndale,33823,12/23/2011,12/23/2011,4/2/2012,tape
30043,111,Winter-breeding,3,Southeast,3,1,December,5,A,2,M,2,1,,FL,Auburndale,33823,12/26/2011,12/26/2011,4/2/2012,tape
30045,111,Winter-breeding,3,Southeast,3,1,December,5,A,2,M,2,1,,FL,Auburndale,33823,12/26/2011,12/26/2011,4/2/2012,tape
30046,111,Winter-breeding,3,Southeast,3,1,December,5,A,2,M,2,1,,FL,Auburndale,33823,12/28/2011,12/28/2011,4/2/2012,tape
30047,111,Winter-breeding,3,Southeast,3,1,December,5,A,2,M,2,1,,FL,Auburndale,33823,12/28/2011,12/28/2011,4/2/2012,tape
30049,111,Winter-breeding,3,Southeast,3,1,December,5,A,2,M,2,1,,FL,Auburndale,33823,12/28/2011,12/28/2011,4/2/2012,tape
15692,114,Winter-breeding,3,Southeast,3,2,December,5,LP,1,F,1,1,,FL,Maitland,32751,11/24/2012,12/15/2012,4/5/2013,tape
15695,114,Winter-breeding,3,Southeast,3,2,January,6,LP,1,F,1,1,,FL,Maitland,32751,12/8/2012,1/11/2013,4/5/2013,tape
15696,114,Winter-breeding,3,Southeast,3,2,January,6,LP,1,F,1,1,,FL,Maitland,32751,12/19/2012,1/12/2013,4/5/2013,tape
15697,114,Winter-breeding,3,Southeast,3,2,January,6,LP,1,F,1,1,,FL,Maitland,32751,12/26/2012,1/21/2013,4/5/2013,tape
15698,114,Winter-breeding,3,Southeast,3,2,February,7,LP,1,M,2,1,,FL,Maitland,32751,2/4/2013,2/25/2013,4/5/2013,tape
15699,114,Winter-breeding,3,Southeast,3,2,February,7,LP,1,M,2,1,,FL,Maitland,32751,2/9/2013,3/1/2013,4/5/2013,tape
15694,114,Winter-breeding,3,Southeast,3,2,January,6,LP,1,M,2,1,,FL,Maitland,32751,12/12/2012,1/10/2013,4/5/2013,tape
15693,114,Winter-breeding,3,Southeast,3,2,December,5,LP,1,,,1,,FL,Maitland,32751,11/30/2012,12/21/2012,4/5/2013,tape
30446,117,Winter-breeding,3,Southeast,3,1,January,6,,,F,1,0,PARK RANGER,FL,Sebastian,32958,1/11/2012,1/11/2012,4/1/2012,tape
30444,117,Winter-breeding,3,Southeast,3,1,December,5,,,M,2,1,PARK RANGER,FL,Sebastian,32958,12/12/2011,12/12/2011,4/1/2012,tape
30445,117,Winter-breeding,3,Southeast,3,1,January,6,,,M,2,1,PARK RANGER,FL,Sebastian,32958,1/1/2012,1/1/2012,4/1/2012,tape
30309,121,Winter-breeding,3,Southeast,3,1,December,5,A,2,M,2,0,,FL,Eglin Air Force Base,32542,12/14/2011,12/14/2011,3/1/2012,tape
30311,121,Winter-breeding,3,Southeast,3,1,December,5,A,2,M,2,0,,FL,Eglin Air Force Base,32542,12/15/2011,12/15/2011,3/1/2012,tape
30312,121,Winter-breeding,3,Southeast,3,1,December,5,A,2,M,2,0,,FL,Eglin Air Force Base,32542,12/15/2011,12/15/2011,3/1/2012,tape
30313,121,Winter-breeding,3,Southeast,3,1,December,5,A,2,M,2,0,,FL,Eglin Air Force Base,32542,12/15/2011,12/15/2011,3/1/2012,tape
30314,121,Winter-breeding,3,Southeast,3,1,December,5,A,2,M,2,0,,FL,Eglin Air Force Base,32542,12/15/2011,12/15/2011,3/1/2012,tape
30315,121,Winter-breeding,3,Southeast,3,1,December,5,A,2,M,2,0,,FL,Eglin Air Force Base,32542,12/15/2011,12/15/2011,3/1/2012,tape
30316,121,Winter-breeding,3,Southeast,3,1,December,5,A,2,M,2,0,,FL,Eglin Air Force Base,32542,12/15/2011,12/15/2011,3/1/2012,tape
30310,121,Winter-breeding,3,Southeast,3,1,December,5,A,2,M,2,1,,FL,Eglin Air Force Base,32542,12/14/2011,12/14/2011,3/1/2012,tape
